Gene_set,Term,Adjusted P-value,Odds Ratio,Combined Score,Overlap,Genes
Reactome_2022,Immune System R-HSA-168256,1.5549921822966966e-19,8.169843828155393,406.4382337595945,49/1943,IFITM1;IFITM2;ITGB2;LAMP1;CAPZB;GNLY;RAC2;CTSD;CTSC;HAVCR2;PDIA3;CAP1;CD53;SERPINB1;FCER1G;HLA-B;CYBA;FGR;TYROBP;BIN2;PSME2;EVL;HCST;CD63;GSTP1;PSMB10;PLAC8;RAP1B;PRDX5;UBB;CCL4;CCL3;CD99;UBE2F;TRAPPC1;SH2D1B;ISG15;ARPC5;PSMB8;BST2;GZMM;ARPC2;ARPC3;IL2RB;HNRNPA2B1;KLRD1;CALR;CD247;CALM1
Reactome_2022,Innate Immune System R-HSA-168249,6.077547221495279e-16,8.912781662781663,363.5038753812697,34/1035,CD63;GSTP1;ITGB2;PSMB10;PLAC8;RAP1B;PRDX5;LAMP1;UBB;GNLY;RAC2;CTSD;CTSC;CAP1;CD53;SERPINB1;TRAPPC1;FCER1G;HLA-B;CYBA;ISG15;ARPC5;PSMB8;BST2;FGR;GZMM;TYROBP;BIN2;ARPC2;ARPC3;PSME2;KLRD1;CD247;CALM1
Reactome_2022,Neutrophil Degranulation R-HSA-6798695,9.64893530449348e-12,10.748440584287406,330.04707452930086,21/468,CAP1;CD53;CD63;SERPINB1;TRAPPC1;FCER1G;GSTP1;ITGB2;HLA-B;CYBA;ARPC5;PLAC8;RAP1B;BST2;FGR;PRDX5;TYROBP;LAMP1;BIN2;CTSD;CTSC
KEGG_2021_Human,Natural killer cell mediated cytotoxicity,3.2334594357121286e-11,23.42700929469656,683.7247944768345,13/131,FCER1G;ITGB2;PRF1;HLA-B;SH2D1B;GZMB;FCGR3A;TYROBP;RAC2;KLRD1;RAC1;CD247;HCST
Reactome_2022,Adaptive Immune System R-HSA-1280218,6.688232130159853e-10,7.487391820804344,196.02106737660043,23/733,PDIA3;UBE2F;IFITM1;ITGB2;HLA-B;SH2D1B;CYBA;PSMB10;PSMB8;RAP1B;TYROBP;UBB;CAPZB;PSME2;KLRD1;EVL;CALR;CD247;CALM1;CTSD;HCST;CD99;CTSC
Reactome_2022,Immunoregulatory Interactions Between A Lymphoid And A non-Lymphoid Cell R-HSA-198933,2.335890348038773e-06,16.09875203472599,286.53566753659584,9/123,IFITM1;TYROBP;ITGB2;HLA-B;SH2D1B;KLRD1;CD247;HCST;CD99
KEGG_2021_Human,Fc gamma R-mediated phagocytosis,3.5654601669420244e-06,18.16555835817473,306.6620219119683,8/97,FCGR3A;ARPC2;ARPC3;CFL1;ARPC5L;RAC2;ARPC5;RAC1
Reactome_2022,Antigen processing-Cross Presentation R-HSA-1236975,8.419559884832251e-06,16.83503401360544,274.9858037067484,8/104,PDIA3;UBB;HLA-B;PSME2;CYBA;CALR;PSMB10;PSMB8
KEGG_2021_Human,Regulation of actin cytoskeleton,9.4288629410551e-06,9.858774038461538,150.00990899049725,10/218,ARPC2;ARPC3;CFL1;ITGB2;ARPC5L;RAC2;ARPC5;RAC1;PFN1;PPP1CA
KEGG_2021_Human,Human immunodeficiency virus 1 infection,9.4288629410551e-06,10.154702970297029,157.14102406839683,10/212,PDIA3;BST2;APOBEC3G;CFL1;HLA-B;RAC2;CALR;RAC1;CD247;CALM1
Reactome_2022,ER-Phagosome Pathway R-HSA-1236974,4.153601432001448e-05,17.08351810790835,249.1457903463518,7/89,PDIA3;UBB;HLA-B;PSME2;CALR;PSMB10;PSMB8
Reactome_2022,Cytokine Signaling In Immune System R-HSA-1280215,6.834356850498895e-05,4.977777777777778,69.45228562676981,16/702,IFITM1;IFITM2;ITGB2;HLA-B;ISG15;PSMB10;PSMB8;RAP1B;BST2;UBB;CCL4;IL2RB;HNRNPA2B1;CCL3;PSME2;HAVCR2
Reactome_2022,"Platelet Activation, Signaling And Aggregation R-HSA-76002",6.969369924100615e-05,8.388831967213115,115.89274214687744,10/254,RAP1B;SRGN;CAP1;CD63;FCER1G;PLEK;RAC2;CTSW;PFN1;CALM1
Reactome_2022,RHO GTPase Effectors R-HSA-195258,0.00010531224812142844,7.89695945945946,105.00541409454084,10/269,MYL6;ARPC2;ARPC3;RAC2;CYBA;EVL;ARPC5;PFN1;CALM1;RHOC
Reactome_2022,Hemostasis R-HSA-109582,0.00011811909354008168,5.234565991025839,68.34091351727385,14/576,SRGN;CAP1;CD63;FCER1G;ITGB2;PLEK;CTSW;RAP1B;FGR;CAPZB;RAC2;PFN1;CALM1;CD99
Reactome_2022,Interferon Alpha/Beta Signaling R-HSA-909733,0.00011811909354008168,18.025454545454547,234.3283326409948,6/72,BST2;IFITM1;IFITM2;HLA-B;ISG15;PSMB8
Reactome_2022,Axon Guidance R-HSA-422475,0.00017696965405154106,5.356028730502784,67.0335354150083,13/519,CAP1;ARPC5;RHOC;PSMB10;PSMB8;MYL6;TYROBP;UBB;ARPC2;ARPC3;PSME2;EVL;PFN1
Reactome_2022,Platelet Degranulation R-HSA-114608,0.0002056609565584728,11.850025680534156,145.65068960045497,7/125,SRGN;CAP1;CD63;PLEK;CTSW;PFN1;CALM1
GO_Biological_Process_2023,Response To Type II Interferon (GO:0034341),0.00021607071109736175,19.198422581984225,294.105639451011,7/80,BST2;IFITM1;IFITM2;CCL4;XCL2;CCL3;CALM1
Reactome_2022,Response To Elevated Platelet Cytosolic Ca2+ R-HSA-76005,0.00024403591064174363,11.365443048369878,136.74411327849467,7/130,SRGN;CAP1;CD63;PLEK;CTSW;PFN1;CALM1
Reactome_2022,Nervous System Development R-HSA-9675108,0.00024403591064174363,5.087436332767402,60.98082517137754,13/545,CAP1;ARPC5;RHOC;PSMB10;PSMB8;MYL6;TYROBP;UBB;ARPC2;ARPC3;PSME2;EVL;PFN1
KEGG_2021_Human,Chemokine signaling pathway,0.00025772075887730206,8.744454303460515,102.17574717439078,8/192,RAP1B;FGR;CX3CR1;CCL4;RAC2;XCL2;CCL3;RAC1
Reactome_2022,PCP/CE Pathway R-HSA-4086400,0.00027006513973541914,14.496585365853658,171.41604159567183,6/88,UBB;RAC2;PSME2;PFN1;PSMB10;PSMB8
Reactome_2022,Signal Transduction R-HSA-162582,0.0002720973434367688,2.830271263374041,33.28377908361332,30/2465,CX3CR1;PSMB10;RAP1B;UBB;CAPZB;ARHGDIB;CCL4;EFHD2;RAC2;CCL3;S1PR5;CTSD;FGFBP2;AKR1C3;GZMB;CYBA;ARPC5;RHOC;PSMB8;PPP1CA;DRAP1;MYL6;ARPC2;ARPC3;IL2RB;XCL2;PSME2;EVL;PFN1;CALM1
Reactome_2022,Vif-mediated Degradation Of APOBEC3G R-HSA-180585,0.0002941596594415524,20.468234323432345,238.00248855777855,5/53,UBB;APOBEC3G;PSME2;PSMB10;PSMB8
Reactome_2022,Beta-catenin Independent WNT Signaling R-HSA-3858494,0.0003334194728854284,10.348896371118594,118.5085596905933,7/142,UBB;RAC2;PSME2;PFN1;CALM1;PSMB10;PSMB8
KEGG_2021_Human,Phagosome,0.0003620840083974577,9.63030303030303,106.01193661785732,7/152,FCGR3A;LAMP1;ITGB2;HLA-B;CYBA;CALR;RAC1
KEGG_2021_Human,Viral myocarditis,0.0003620840083974577,17.856885688568855,196.67164934957816,5/60,ITGB2;PRF1;RAC2;HLA-B;RAC1
GO_Biological_Process_2023,Regulation Of Lamellipodium Assembly (GO:0010591),0.0003897185550501773,35.12376237623762,493.00746763734855,5/33,CAPZB;ARPC2;ABI3;RAC2;RAC1
Reactome_2022,FCGR3A-mediated Phagocytosis R-HSA-9664422,0.0004918450279996189,17.856885688568855,196.67164934957816,5/60,FGR;ARPC2;ARPC3;ARPC5;CD247
KEGG_2021_Human,Human cytomegalovirus infection,0.0005072310886187086,7.402238314680711,78.00138412061605,8/225,PDIA3;CCL4;HLA-B;RAC2;CCL3;CALR;RAC1;CALM1
KEGG_2021_Human,Leukocyte transendothelial migration,0.000548140436307879,10.992222222222225,113.68367687591764,6/114,RAP1B;ITGB2;RAC2;CYBA;RAC1;CD99
GO_Biological_Process_2023,Proteolysis Involved In Protein Catabolic Process (GO:0051603),0.0007152280654472301,16.518333333333334,206.94877954870853,6/78,UBB;GZMA;GZMB;CTSW;ISG15;CTSC
GO_Biological_Process_2023,Positive Regulation Of Actin Filament Bundle Assembly (GO:0032233),0.0007152280654472301,21.360309944037883,252.47202407289237,5/51,PLEK;EVL;RAC1;RHOC;PFN1
GO_Biological_Process_2023,Fc-gamma Receptor Signaling Pathway (GO:0038094),0.0007152280654472301,38.96862745098039,460.9139777506635,4/24,FGR;FCGR3A;FCER1G;CD247
GO_Biological_Process_2023,Regulation Of Tumor Necrosis Factor Production (GO:0032680),0.0007152280654472301,11.6513468013468,141.98297113537706,7/127,CX3CR1;FCGR3A;TYROBP;GSTP1;CCL3;CYBA;HAVCR2
GO_Biological_Process_2023,Natural Killer Cell Mediated Immunity (GO:0002228),0.0007152280654472301,43.30283224400871,527.9933432507723,4/22,FCGR3A;GZMB;NKG7;KLRD1
GO_Biological_Process_2023,Actin Nucleation (GO:0045010),0.0007152280654472301,41.021671826625386,492.5089105103747,4/23,ARPC2;ARPC3;ARPC5L;ARPC5
GO_Biological_Process_2023,Positive Regulation Of Reactive Oxygen Species Metabolic Process (GO:2000379),0.0007152280654472301,22.85401795993553,277.06494655792017,5/48,TYROBP;GSTP1;ITGB2;AKR1C3;CYBA
GO_Biological_Process_2023,Arp2/3 Complex-Mediated Actin Nucleation (GO:0034314),0.0007152280654472301,51.97124183006536,666.0599490211719,4/19,ARPC2;ARPC3;ARPC5L;ARPC5
KEGG_2021_Human,Antigen processing and presentation,0.0007875266016098242,13.441611284416112,130.8839073509006,5/78,PDIA3;HLA-B;PSME2;KLRD1;CALR
KEGG_2021_Human,Bacterial invasion of epithelial cells,0.0007875266016098242,13.628987898789878,133.55420564199798,5/77,ARPC2;ARPC3;ARPC5L;RAC1;ARPC5
KEGG_2021_Human,Lysosome,0.0007875266016098242,9.723934426229508,94.24577931412928,6/128,CD63;LAMP1;CTSW;LITAF;CTSD;CTSC
GO_Biological_Process_2023,Negative Regulation Of Viral Genome Replication (GO:0045071),0.0007876671872649833,20.468234323432345,238.00248855777855,5/53,BST2;IFITM1;IFITM2;APOBEC3G;ISG15
Reactome_2022,Signaling By Interleukins R-HSA-449147,0.0008171712996822516,5.095784710645392,53.299696009629855,11/453,RAP1B;UBB;ITGB2;CCL4;IL2RB;HNRNPA2B1;CCL3;PSME2;PSMB10;PSMB8;HAVCR2
KEGG_2021_Human,Graft-versus-host disease,0.0008408740939659831,20.49122807017544,195.62068052263444,4/42,PRF1;HLA-B;GZMB;KLRD1
Reactome_2022,TCR Signaling R-HSA-202403,0.0009442767145177132,10.791272727272728,110.54625363109324,6/116,UBB;PSME2;EVL;CD247;PSMB10;PSMB8
Reactome_2022,Signaling By Rho GTPases R-HSA-194315,0.0009442767145177132,4.267317621798477,43.64605642384411,13/644,CYBA;ARPC5;RHOC;MYL6;ARPC2;CAPZB;ARPC3;ARHGDIB;EFHD2;RAC2;EVL;PFN1;CALM1
KEGG_2021_Human,Yersinia infection,0.0009843278341001333,9.05175572519084,84.31649035915024,6/137,ARPC2;ARPC3;ARPC5L;RAC2;ARPC5;RAC1
GO_Biological_Process_2023,Regulation Of Phagocytosis (GO:0050764),0.0011289259767816,18.53259854287316,207.2118300222328,5/58,FGR;FCER1G;IL2RB;CYBA;CALR
