Gene_set,Term,Overlap,P-value,Adjusted P-value,Old P-value,Old Adjusted P-value,Odds Ratio,Combined Score,Genes
KEGG_2021_Human,Hematopoietic cell lineage,6/99,1.579899490035066e-09,1.2007236124266502e-07,0,0,71.26523297491039,1444.254413181987,CD2;CD8A;CD3E;IL7R;CD3D;CD44
KEGG_2021_Human,Primary immunodeficiency,4/38,1.145147111828506e-07,4.351559024948323e-06,0,0,117.30588235294118,1874.848601046138,CD8A;CD3E;IL7R;CD3D
GO_Biological_Process_2023,T Cell Activation (GO:0042110),5/111,1.878840431767964e-07,6.012289381657484e-05,0,0,49.32969215491559,763.9906896950989,CD2;CD8A;CD3E;CD3D;CD44
KEGG_2021_Human,T cell receptor signaling pathway,4/104,6.7665009830906505e-06,0.00017141802490496313,0,0,39.752,473.1889832870348,CD8A;FOS;CD3E;CD3D
KEGG_2021_Human,Human immunodeficiency virus 1 infection,4/212,0.00011040246981037472,0.0016781175411176,0,0,19.00769230769231,173.18627052859776,CXCR4;FOS;CD3E;CD3D
KEGG_2021_Human,Epstein-Barr virus infection,4/202,9.160228440683664e-05,0.0016781175411176,0,0,19.977777777777774,185.75446352317,VIM;CD3E;CD3D;CD44
KEGG_2021_Human,PD-L1 expression and PD-1 checkpoint pathway in cancer,3/89,0.00016111983958257958,0.0019298311939382,0,0,33.03986710963455,288.5491240182203,FOS;CD3E;CD3D
KEGG_2021_Human,Th1 and Th2 cell differentiation,3/92,0.0001777476099679932,0.0019298311939382,0,0,31.921348314606742,275.64550115143754,FOS;CD3E;CD3D
KEGG_2021_Human,Chagas disease,3/102,0.00024112207109460744,0.0022906596753987,0,0,28.682539682539684,238.93149954284016,FOS;CD3E;CD3D
KEGG_2021_Human,Th17 cell differentiation,3/107,0.00027764264975151684,0.002344537931235,0,0,27.296703296703296,223.53749942844928,FOS;CD3E;CD3D
KEGG_2021_Human,Cytokine-cytokine receptor interaction,4/295,0.00039040337783501815,0.0029670656715461,0,0,13.529209621993129,106.18170244556278,IL32;CXCR4;LTB;IL7R
KEGG_2021_Human,Measles,3/139,0.0005974363645658097,0.0041277421551819,0,0,20.840336134453786,154.69495547033554,FOS;CD3E;CD3D
Reactome_2022,Immune System R-HSA-168256,10/1943,3.994317676870215e-05,0.0054322720405434,0,0,6.667282536397901,67.52658885851953,IL32;CD8A;COTL1;FOS;LTB;VIM;CD3E;IL7R;CD3D;CD44
Reactome_2022,PD-1 Signaling R-HSA-389948,2/21,0.0002857953111961309,0.0077736324645347,0,0,95.48803827751196,779.2048032433584,CD3E;CD3D
Reactome_2022,Cytokine Signaling In Immune System R-HSA-1280215,6/702,0.00014333151217682042,0.0077736324645347,0,0,9.233716475095786,81.72162577962584,IL32;FOS;LTB;VIM;IL7R;CD44
Reactome_2022,Phosphorylation Of CD3 And TCR Zeta Chains R-HSA-202427,2/20,0.00025876610708752327,0.0077736324645347,0,0,100.7979797979798,832.5495793111635,CD3E;CD3D
Reactome_2022,Translocation Of ZAP-70 To Immunological Synapse R-HSA-202430,2/17,0.00018562933966781003,0.0077736324645347,0,0,120.97575757575756,1039.394514011186,CD3E;CD3D
Reactome_2022,Immunoregulatory Interactions Between A Lymphoid And A non-Lymphoid Cell R-HSA-198933,3/123,0.0004180151356638112,0.009475009741713,0,0,23.63809523809524,183.9042135089322,CD8A;CD3E;CD3D
Reactome_2022,Generation Of Second Messenger Molecules R-HSA-202433,2/32,0.0006696067158070427,0.0130095019071082,0,0,60.442424242424245,441.7627997111452,CD3E;CD3D
GO_Biological_Process_2023,Regulation Of mRNA Stability (GO:0043488),3/74,9.306144097509942e-05,0.0138008590446679,0,0,40.05030181086519,371.7569391075242,NPM1;VIM;ZFP36L2
GO_Biological_Process_2023,Alpha-Beta T Cell Activation (GO:0046631),2/15,0.00014352676264691865,0.0138008590446679,0,0,139.6013986013986,1235.3312463141472,CD3E;CD3D
GO_Biological_Process_2023,T Cell Receptor Signaling Pathway (GO:0050852),3/95,0.00019545258891225063,0.0138008590446679,0,0,30.875776397515526,263.68508081155176,CD8A;CD3E;CD3D
GO_Biological_Process_2023,Regulation Of Lymphocyte Differentiation (GO:0045619),2/19,0.00023306007599526184,0.0138008590446679,0,0,106.73262032085562,892.7345092435008,CD2;ZFP36L2
GO_Biological_Process_2023,Response To Fibroblast Growth Factor (GO:0071774),2/20,0.00025876610708752327,0.0138008590446679,0,0,100.7979797979798,832.5495793111635,ZFP36L2;CD44
KEGG_2021_Human,Human T-cell leukemia virus 1 infection,3/219,0.002211735042606,0.0140076552698383,0,0,13.068783068783068,79.90225196439535,FOS;CD3E;CD3D
GO_Biological_Process_2023,Integrated Stress Response Signaling (GO:0140467),2/29,0.0005493106201692561,0.0219724248067702,0,0,67.16835016835017,504.2224932837275,FOS;JUNB
GO_Biological_Process_2023,Antigen Receptor-Mediated Signaling Pathway (GO:0050851),3/134,0.0005369268312394726,0.0219724248067702,0,0,21.6412213740458,162.95079497876904,CD8A;CD3E;CD3D
GO_Biological_Process_2023,Negative Regulation Of Mitotic Cell Cycle (GO:0045930),2/34,0.000756249572304744,0.0268888736819464,0,0,56.65909090909091,407.2167684458615,BTG1;ZFP36L2
KEGG_2021_Human,Rheumatoid arthritis,2/93,0.0055234697934864,0.0322910541773054,0,0,19.865134865134863,103.27385061876376,FOS;LTB
Reactome_2022,Signaling By Interleukins R-HSA-449147,4/453,0.0019260379393431,0.032742644968833,0,0,8.697995545657015,54.38239289498692,IL32;FOS;VIM;IL7R
GO_Biological_Process_2023,Positive Regulation Of Cell-Cell Adhesion (GO:0022409),2/46,0.0013830203898899,0.0368805437303992,0,0,41.18181818181818,271.11990217079807,CD3E;CD44
GO_Biological_Process_2023,Regulation Of mRNA Catabolic Process (GO:0061013),2/46,0.0013830203898899,0.0368805437303992,0,0,41.18181818181818,271.11990217079807,VIM;ZFP36L2
GO_Biological_Process_2023,T Cell Differentiation (GO:0030217),2/46,0.0013830203898899,0.0368805437303992,0,0,41.18181818181818,271.11990217079807,CD8A;ZFP36L2
KEGG_2021_Human,TNF signaling pathway,2/112,0.0079152128017673,0.0429682980667367,0,0,16.418181818181818,79.44706793117858,FOS;JUNB
KEGG_2021_Human,"Growth hormone synthesis, secretion and action",2/119,0.0088947638702,0.0450668036090136,0,0,15.43045843045843,72.86713818821082,FOS;JUNB
Reactome_2022,Costimulation By CD28 Family R-HSA-388841,2/68,0.0029954011693546,0.0452638398924701,0,0,27.424242424242426,159.35341771425578,CD3E;CD3D
KEGG_2021_Human,Osteoclast differentiation,2/127,0.0100773899824101,0.0478676024164482,0,0,14.437090909090909,66.37396212190897,FOS;JUNB
GO_Biological_Process_2023,Cellular Response To Fibroblast Growth Factor Stimulus (GO:0044344),2/55,0.0019713124920084,0.0485246151879014,0,0,34.17324185248714,212.86702757999905,ZFP36L2;CD44
KEGG_2021_Human,Yersinia infection,2/137,0.0116485087629211,0.0520756862342358,0,0,13.36094276094276,59.49062791002039,CD8A;FOS
KEGG_2021_Human,Cell adhesion molecules,2/148,0.0134931319408641,0.0569710015280931,0,0,12.34744707347447,53.16285286593607,CD2;CD8A
GO_Biological_Process_2023,Inflammatory Response (GO:0006954),3/236,0.0027338237012101,0.0624873988848026,0,0,12.104843654199875,71.44344123050145,CXCR4;FOS;CD44
Reactome_2022,TFAP2A Acts As A Transcriptional Repressor During Retinoic Acid Induced Cell Differentiation R-HSA-8869496,1/5,0.005986138987596,0.0704053400862591,0,0,217.08695652173915,1111.118047594182,NPM1
Reactome_2022,Cargo Recognition For Clathrin-Mediated Endocytosis R-HSA-8856825,2/104,0.006860029074594,0.0704053400862591,0,0,17.71301247771836,88.24700043316875,IL7R;CD3D
Reactome_2022,Interleukin-4 And Interleukin-13 Signaling R-HSA-6785807,2/107,0.0072476085382913,0.0704053400862591,0,0,17.204329004329004,84.7671693734228,FOS;VIM
Reactome_2022,Downstream TCR Signaling R-HSA-202424,2/94,0.005639427655241,0.0704053400862591,0,0,19.64822134387352,101.73795368654676,CD3E;CD3D
Reactome_2022,Binding And Entry Of HIV Virion R-HSA-173107,1/6,0.0071792448741713,0.0704053400862591,0,0,173.66086956521738,857.2874884567655,CXCR4
Reactome_2022,TCR Signaling R-HSA-202403,2/116,0.008468586951413,0.071982989087011,0,0,15.83891547049442,75.57366845167758,CD3E;CD3D
Reactome_2022,Insulin-like Growth Factor-2 mRNA Binding Proteins (IGF2BPs/IMPs/VICKZs) Bind RNA R-HSA-428359,1/7,0.0083709789916443,0.071982989087011,0,0,144.71014492753622,692.1463710595567,CD44
GO_Biological_Process_2023,Positive Regulation Of Fibroblast Apoptotic Process (GO:2000271),1/6,0.0071792448741713,0.0751304436557561,0,0,173.66086956521738,857.2874884567655,BTG1
GO_Biological_Process_2023,Leukocyte Aggregation (GO:0070486),1/7,0.0083709789916443,0.0751304436557561,0,0,144.71014492753622,692.1463710595567,CD44
GO_Biological_Process_2023,Regulation Of Endodeoxyribonuclease Activity (GO:0032071),1/7,0.0083709789916443,0.0751304436557561,0,0,144.71014492753622,692.1463710595567,NPM1
GO_Biological_Process_2023,Lactate Metabolic Process (GO:0006089),1/7,0.0083709789916443,0.0751304436557561,0,0,144.71014492753622,692.1463710595567,LDHB
GO_Biological_Process_2023,Enzyme-Linked Receptor Protein Signaling Pathway (GO:0007167),2/124,0.0096260880933937,0.0751304436557561,0,0,14.794336810730254,68.69422391253094,CD8A;CD3E
GO_Biological_Process_2023,ncRNA Export From Nucleus (GO:0097064),1/8,0.0095613427178271,0.0751304436557561,0,0,124.03105590062113,576.7477724354015,NPM1
GO_Biological_Process_2023,Positive Regulation Of Autophagy Of Mitochondrion In Response To Mitochondrial Depolarization (GO:1904925),1/5,0.005986138987596,0.0751304436557561,0,0,217.08695652173915,1111.118047594182,TOMM7
GO_Biological_Process_2023,Response To Granulocyte Macrophage Colony-Stimulating Factor (GO:0097012),1/5,0.005986138987596,0.0751304436557561,0,0,217.08695652173915,1111.118047594182,ZFP36L2
GO_Biological_Process_2023,Positive Regulation Of Mitophagy In Response To Mitochondrial Depolarization (GO:0098779),1/6,0.0071792448741713,0.0751304436557561,0,0,173.66086956521738,857.2874884567655,TOMM7
GO_Biological_Process_2023,Regulation Of T-helper Cell Differentiation (GO:0045622),1/6,0.0071792448741713,0.0751304436557561,0,0,173.66086956521738,857.2874884567655,JUNB
GO_Biological_Process_2023,Definitive Hemopoiesis (GO:0060216),1/6,0.0071792448741713,0.0751304436557561,0,0,173.66086956521738,857.2874884567655,ZFP36L2
GO_Biological_Process_2023,Ribosomal Large Subunit Export From Nucleus (GO:0000055),1/6,0.0071792448741713,0.0751304436557561,0,0,173.66086956521738,857.2874884567655,NPM1
GO_Biological_Process_2023,Ribosomal Small Subunit Export From Nucleus (GO:0000056),1/6,0.0071792448741713,0.0751304436557561,0,0,173.66086956521738,857.2874884567655,NPM1
GO_Biological_Process_2023,Positive Regulation Of Translation (GO:0045727),2/108,0.0073789723758302,0.0751304436557561,0,0,17.041166380789022,83.65714594713813,NPM1;VIM
GO_Biological_Process_2023,Positive Regulation Of Cell-Cell Adhesion Mediated By Integrin (GO:0033634),1/5,0.005986138987596,0.0751304436557561,0,0,217.08695652173915,1111.118047594182,CD3E
GO_Biological_Process_2023,Hemopoiesis (GO:0030097),2/101,0.006482271730931,0.0751304436557561,0,0,18.252525252525253,91.9687115910082,IL7R;ZFP36L2
GO_Biological_Process_2023,Positive Regulation Of Macromolecule Biosynthetic Process (GO:0010557),2/122,0.0093304190667692,0.0751304436557561,0,0,15.042424242424245,70.31544131160264,NPM1;VIM
GO_Biological_Process_2023,Regulation Of Endothelial Cell Differentiation (GO:0045601),1/8,0.0095613427178271,0.0751304436557561,0,0,124.03105590062113,576.7477724354015,BTG1
GO_Biological_Process_2023,Cellular Response To Oxidative Stress (GO:0034599),2/117,0.0086095885856892,0.0751304436557561,0,0,15.700395256916996,74.65347569514287,FOS;ZFP36L2
GO_Biological_Process_2023,Regulation Of Fibroblast Apoptotic Process (GO:2000269),1/8,0.0095613427178271,0.0751304436557561,0,0,124.03105590062113,576.7477724354015,BTG1
GO_Biological_Process_2023,Cellular Response To Transforming Growth Factor Beta Stimulus (GO:0071560),2/96,0.0058746927635266,0.0751304436557561,0,0,19.22823984526112,98.77742005697412,FOS;ZFP36L2
GO_Biological_Process_2023,Chemokine (C-X-C Motif) Ligand 12 Signaling Pathway (GO:0038146),1/5,0.005986138987596,0.0751304436557561,0,0,217.08695652173915,1111.118047594182,CXCR4
GO_Biological_Process_2023,Negative Regulation Of Protein Kinase Activity By Regulation Of Protein Phosphorylation (GO:0044387),1/5,0.005986138987596,0.0751304436557561,0,0,217.08695652173915,1111.118047594182,NPM1
GO_Biological_Process_2023,Cellular Response To Granulocyte Macrophage Colony-Stimulating Factor Stimulus (GO:0097011),1/5,0.005986138987596,0.0751304436557561,0,0,217.08695652173915,1111.118047594182,ZFP36L2
GO_Biological_Process_2023,Positive Regulation Of Amide Metabolic Process (GO:0034250),2/85,0.0046363464554137,0.0751304436557561,0,0,21.788608981380065,117.0882506378019,NPM1;VIM
GO_Biological_Process_2023,Cellular Response To Cytokine Stimulus (GO:0071345),3/308,0.0057603263766041,0.0751304436557561,0,0,9.213583138173302,47.51224751726313,CXCR4;IL7R;ZFP36L2
GO_Biological_Process_2023,Cellular Response To Muramyl Dipeptide (GO:0071225),1/8,0.0095613427178271,0.0751304436557561,0,0,124.03105590062113,576.7477724354015,VIM
GO_Biological_Process_2023,Positive Regulation Of Cellular Biosynthetic Process (GO:0031328),2/174,0.01831973634842,0.078880728109145,0,0,10.46723044397463,41.86658037474361,NPM1;VIM
GO_Biological_Process_2023,Regulation Of Lamellipodium Organization (GO:1902743),1/13,0.0154926555661662,0.078880728109145,0,0,72.33333333333333,301.441152263015,CD44
GO_Biological_Process_2023,Regulation Of Intrinsic Apoptotic Signaling Pathway In Response To DNA Damage By P53 Class Mediator (GO:1902165),1/13,0.0154926555661662,0.078880728109145,0,0,72.33333333333333,301.441152263015,CD44
GO_Biological_Process_2023,T Cell Differentiation In Thymus (GO:0033077),1/13,0.0154926555661662,0.078880728109145,0,0,72.33333333333333,301.441152263015,ZFP36L2
GO_Biological_Process_2023,Lymphocyte Mediated Immunity (GO:0002449),1/16,0.0190350912060612,0.078880728109145,0,0,57.85797101449276,229.20267994354347,CD8A
GO_Biological_Process_2023,"Positive Regulation Of Nuclear-Transcribed mRNA Catabolic Process, Deadenylation-Dependent Decay (GO:1900153)",1/14,0.0166748271779813,0.078880728109145,0,0,66.76588628762542,273.3298608380045,ZFP36L2
GO_Biological_Process_2023,Positive Regulation Of Heterotypic Cell-Cell Adhesion (GO:0034116),1/14,0.0166748271779813,0.078880728109145,0,0,66.76588628762542,273.3298608380045,CD44
GO_Biological_Process_2023,Regulation Of T-helper 17 Type Immune Response (GO:2000316),1/13,0.0154926555661662,0.078880728109145,0,0,72.33333333333333,301.441152263015,JUNB
GO_Biological_Process_2023,"Negative Regulation Of DNA Damage Response, Signal Transduction By P53 Class Mediator (GO:0043518)",1/13,0.0154926555661662,0.078880728109145,0,0,72.33333333333333,301.441152263015,CD44
GO_Biological_Process_2023,Positive Regulation Of Gene Expression (GO:0010628),3/480,0.0191228349270207,0.078880728109145,0,0,5.839772386942198,23.10723249895086,NPM1;VIM;CD3E
GO_Biological_Process_2023,Positive Regulation Of Collagen Metabolic Process (GO:0010714),1/16,0.0190350912060612,0.078880728109145,0,0,57.85797101449276,229.20267994354347,VIM
GO_Biological_Process_2023,Negative Regulation Of Intrinsic Apoptotic Signaling Pathway By P53 Class Mediator (GO:1902254),1/16,0.0190350912060612,0.078880728109145,0,0,57.85797101449276,229.20267994354347,CD44
GO_Biological_Process_2023,Hyaluronan Metabolic Process (GO:0030212),1/14,0.0166748271779813,0.078880728109145,0,0,66.76588628762542,273.3298608380045,CD44
GO_Biological_Process_2023,Epiboly Involved In Wound Healing (GO:0090505),1/15,0.0178556385652366,0.078880728109145,0,0,61.993788819875775,249.55202523941097,CD44
GO_Biological_Process_2023,Gamma-Delta T Cell Activation (GO:0046629),1/12,0.014309122256811,0.078880728109145,0,0,78.91304347826087,335.1324919763037,CD3E
GO_Biological_Process_2023,Negative Regulation Of Stem Cell Differentiation (GO:2000737),1/12,0.014309122256811,0.078880728109145,0,0,78.91304347826087,335.1324919763037,ZFP36L2
GO_Biological_Process_2023,Response To Muramyl Dipeptide (GO:0032495),1/12,0.014309122256811,0.078880728109145,0,0,78.91304347826087,335.1324919763037,VIM
GO_Biological_Process_2023,Negative Regulation Of Cell Cycle Phase Transition (GO:1901988),1/12,0.014309122256811,0.078880728109145,0,0,78.91304347826087,335.1324919763037,ZFP36L2
GO_Biological_Process_2023,Regulation Of Cell Population Proliferation (GO:0042127),4/766,0.0123139608638298,0.078880728109145,0,0,5.043044619422572,22.174376276101437,NPM1;BTG1;IL7R;JUNB
GO_Biological_Process_2023,Erythrocyte Development (GO:0048821),1/11,0.0131242257813257,0.078880728109145,0,0,86.80869565217391,376.1677267870623,LYAR
GO_Biological_Process_2023,Regulation Of T-helper 17 Cell Differentiation (GO:2000319),1/11,0.0131242257813257,0.078880728109145,0,0,86.80869565217391,376.1677267870623,JUNB
GO_Biological_Process_2023,Cellular Response To Glucocorticoid Stimulus (GO:0071385),1/17,0.0202131865779684,0.078880728109145,0,0,54.23913043478261,211.60963296162683,ZFP36L2
GO_Biological_Process_2023,Cellular Response To dsRNA (GO:0071359),1/17,0.0202131865779684,0.078880728109145,0,0,54.23913043478261,211.60963296162683,NPM1
GO_Biological_Process_2023,Regulation Of Receptor Signaling Pathway Via STAT (GO:1904892),1/17,0.0202131865779684,0.078880728109145,0,0,54.23913043478261,211.60963296162683,IL7R
GO_Biological_Process_2023,Positive Regulation Of Glial Cell Differentiation (GO:0045687),1/17,0.0202131865779684,0.078880728109145,0,0,54.23913043478261,211.60963296162683,CXCR4
GO_Biological_Process_2023,Negative Regulation Of Intrinsic Apoptotic Signaling Pathway In Response To DNA Damage By P53 Class Mediator (GO:1902166),1/12,0.014309122256811,0.078880728109145,0,0,78.91304347826087,335.1324919763037,CD44
GO_Biological_Process_2023,Negative Regulation Of Centrosome Duplication (GO:0010826),1/10,0.0119379646683197,0.078880728109145,0,0,96.45893719806764,427.1232267263204,NPM1
GO_Biological_Process_2023,Regulation Of Cell-Cell Adhesion Mediated By Integrin (GO:0033632),1/9,0.0107503374648081,0.078880728109145,0,0,108.52173913043478,491.9093069362492,CD3E
GO_Biological_Process_2023,Regulation Of Lamellipodium Morphogenesis (GO:2000392),1/10,0.0119379646683197,0.078880728109145,0,0,96.45893719806764,427.1232267263204,CD44
GO_Biological_Process_2023,Myelin Maintenance (GO:0043217),1/9,0.0107503374648081,0.078880728109145,0,0,108.52173913043478,491.9093069362492,CXCR4
GO_Biological_Process_2023,Positive Regulation Of Collagen Biosynthetic Process (GO:0032967),1/15,0.0178556385652366,0.078880728109145,0,0,61.993788819875775,249.55202523941097,VIM
GO_Biological_Process_2023,Dendritic Cell Chemotaxis (GO:0002407),1/15,0.0178556385652366,0.078880728109145,0,0,61.993788819875775,249.55202523941097,CXCR4
GO_Biological_Process_2023,Cellular Response To Corticosteroid Stimulus (GO:0071384),1/15,0.0178556385652366,0.078880728109145,0,0,61.993788819875775,249.55202523941097,ZFP36L2
GO_Biological_Process_2023,DNA Alkylation (GO:0006305),1/15,0.0178556385652366,0.078880728109145,0,0,61.993788819875775,249.55202523941097,FOS
GO_Biological_Process_2023,3'-UTR-mediated mRNA Destabilization (GO:0061158),1/15,0.0178556385652366,0.078880728109145,0,0,61.993788819875775,249.55202523941097,ZFP36L2
GO_Biological_Process_2023,Positive Regulation Of Cell Cycle Phase Transition (GO:1901989),1/17,0.0202131865779684,0.078880728109145,0,0,54.23913043478261,211.60963296162683,NPM1
GO_Biological_Process_2023,Positive Regulation Of Cell Adhesion Mediated By Integrin (GO:0033630),1/17,0.0202131865779684,0.078880728109145,0,0,54.23913043478261,211.60963296162683,CD3E
GO_Biological_Process_2023,Protein Insertion Into Mitochondrial Outer Membrane (GO:0045040),1/13,0.0154926555661662,0.078880728109145,0,0,72.33333333333333,301.441152263015,TOMM7
GO_Biological_Process_2023,Cellular Response To Growth Factor Stimulus (GO:0071363),2/155,0.0147290441792645,0.078880728109145,0,0,11.778371954842545,49.6803948263265,ZFP36L2;CD44
GO_Biological_Process_2023,Ribosome Biogenesis (GO:0042254),2/155,0.0147290441792645,0.078880728109145,0,0,11.778371954842545,49.6803948263265,NPM1;LYAR
GO_Biological_Process_2023,Outer Mitochondrial Membrane Organization (GO:0007008),1/13,0.0154926555661662,0.078880728109145,0,0,72.33333333333333,301.441152263015,TOMM7
GO_Biological_Process_2023,Regulation Of Cell Cycle G2/M Phase Transition (GO:1902749),1/18,0.0213899261577365,0.0795904229125079,0,0,51.0460358056266,196.26359569838613,NPM1
GO_Biological_Process_2023,Regulation Of Collagen Biosynthetic Process (GO:0032965),1/18,0.0213899261577365,0.0795904229125079,0,0,51.0460358056266,196.26359569838613,VIM
GO_Biological_Process_2023,Negative Regulation Of Signal Transduction By P53 Class Mediator (GO:1901797),1/18,0.0213899261577365,0.0795904229125079,0,0,51.0460358056266,196.26359569838613,CD44
GO_Biological_Process_2023,Dendritic Cell Migration (GO:0036336),1/18,0.0213899261577365,0.0795904229125079,0,0,51.0460358056266,196.26359569838613,CXCR4
GO_Biological_Process_2023,Regulation Of B Cell Differentiation (GO:0045577),1/19,0.0225653114296027,0.082055677925828,0,0,48.20772946859904,182.7719626724847,ZFP36L2
GO_Biological_Process_2023,Regulation Of Centriole Replication (GO:0046599),1/19,0.0225653114296027,0.082055677925828,0,0,48.20772946859904,182.7719626724847,NPM1
GO_Biological_Process_2023,Positive Regulation Of Protein Metabolic Process (GO:0051247),2/196,0.0228916753322505,0.0823071472620244,0,0,9.26991565135895,35.01230415922049,NPM1;VIM
GO_Biological_Process_2023,Positive Regulation Of Epithelial Cell Differentiation (GO:0030858),1/20,0.0237393438664972,0.0825716308399904,0,0,45.66819221967963,170.827422984315,BTG1
GO_Biological_Process_2023,DNA Methylation (GO:0006306),1/20,0.0237393438664972,0.0825716308399904,0,0,45.66819221967963,170.827422984315,FOS
GO_Biological_Process_2023,T Cell Mediated Immunity (GO:0002456),1/20,0.0237393438664972,0.0825716308399904,0,0,45.66819221967963,170.827422984315,CD8A
GO_Biological_Process_2023,Regulation Of Translation (GO:0006417),2/202,0.0242127433705879,0.0833126653611627,0,0,8.989090909090908,33.44729441298502,NPM1;VIM
GO_Biological_Process_2023,Response To Cadmium Ion (GO:0046686),1/21,0.0249120249496479,0.0848068934456098,0,0,43.38260869565217,160.18614661402282,FOS
GO_Biological_Process_2023,Cellular Response To Cadmium Ion (GO:0071276),1/22,0.0260833561592032,0.0869445205306774,0,0,41.31469979296066,150.65231192236567,FOS
GO_Biological_Process_2023,Natural Killer Cell Mediated Immunity (GO:0002228),1/22,0.0260833561592032,0.0869445205306774,0,0,41.31469979296066,150.65231192236567,CD2
GO_Biological_Process_2023,Regulation Of Centrosome Cycle (GO:0046605),1/23,0.0272533389718204,0.0880916007169953,0,0,39.43478260869565,142.06692893534887,NPM1
GO_Biological_Process_2023,Adaptive Immune Response Based On Somatic Recombination Of Immune Receptors Built From Immunoglobulin Superfamily Domains (GO:0002460),1/23,0.0272533389718204,0.0880916007169953,0,0,39.43478260869565,142.06692893534887,CD8A
GO_Biological_Process_2023,"Regulation Of Nuclear-Transcribed mRNA Catabolic Process, Deadenylation-Dependent Decay (GO:1900151)",1/23,0.0272533389718204,0.0880916007169953,0,0,39.43478260869565,142.06692893534887,ZFP36L2
GO_Biological_Process_2023,ERK1 And ERK2 Cascade (GO:0070371),1/24,0.0284219748654964,0.0883012811355228,0,0,37.71833648393195,134.2996324147713,ZFP36L2
GO_Biological_Process_2023,Regulation Of Heterotypic Cell-Cell Adhesion (GO:0034114),1/24,0.0284219748654964,0.0883012811355228,0,0,37.71833648393195,134.2996324147713,CD44
GO_Biological_Process_2023,Natural Killer Cell Mediated Cytotoxicity (GO:0042267),1/24,0.0284219748654964,0.0883012811355228,0,0,37.71833648393195,134.2996324147713,CD2
GO_Biological_Process_2023,Positive Regulation Of Cell Cycle G2/M Phase Transition (GO:1902751),1/24,0.0284219748654964,0.0883012811355228,0,0,37.71833648393195,134.2996324147713,NPM1
Reactome_2022,Hyaluronan Uptake And Degradation R-HSA-2160916,1/12,0.014309122256811,0.0884563921330136,0,0,78.91304347826087,335.1324919763037,CD44
Reactome_2022,Cell Surface Interactions At Vascular Wall R-HSA-202733,2/134,0.0111664721607813,0.0884563921330136,0,0,13.666666666666666,61.42947381458176,CD2;CD44
Reactome_2022,Activation Of AP-1 Family Of Transcription Factors R-HSA-450341,1/10,0.0119379646683197,0.0884563921330136,0,0,96.45893719806764,427.1232267263204,FOS
Reactome_2022,Caspase-mediated Cleavage Of Cytoskeletal Proteins R-HSA-264870,1/12,0.014309122256811,0.0884563921330136,0,0,78.91304347826087,335.1324919763037,VIM
Reactome_2022,ALK Mutants Bind TKIs R-HSA-9700645,1/12,0.014309122256811,0.0884563921330136,0,0,78.91304347826087,335.1324919763037,NPM1
Reactome_2022,Clathrin-mediated Endocytosis R-HSA-8856828,2/142,0.0124720407479625,0.0884563921330136,0,0,12.88051948051948,56.47162207610311,IL7R;CD3D
GO_Biological_Process_2023,Regulation Of B Cell Activation (GO:0050864),1/25,0.0295892653137072,0.0893260839659086,0,0,36.14492753623188,127.2425658336615,ZFP36L2
GO_Biological_Process_2023,"Wound Healing, Spreading Of Cells (GO:0044319)",1/25,0.0295892653137072,0.0893260839659086,0,0,36.14492753623188,127.2425658336615,CD44
GO_Biological_Process_2023,Negative Regulation Of Intrinsic Apoptotic Signaling Pathway In Response To DNA Damage (GO:1902230),1/25,0.0295892653137072,0.0893260839659086,0,0,36.14492753623188,127.2425658336615,CD44
GO_Biological_Process_2023,Apoptotic Process (GO:0006915),2/228,0.0302882213539566,0.0902905300395088,0,0,7.944489139179405,27.781849730759703,CD2;CXCR4
GO_Biological_Process_2023,Response To Glucocorticoid (GO:0051384),1/26,0.0307552117947077,0.0902905300395088,0,0,34.697391304347825,120.8057619164666,ZFP36L2
GO_Biological_Process_2023,Regulation Of Transcription By RNA Polymerase III (GO:0006359),1/26,0.0307552117947077,0.0902905300395088,0,0,34.697391304347825,120.8057619164666,ZFP36L2
GO_Biological_Process_2023,Myeloid Cell Development (GO:0061515),1/27,0.0319198157870248,0.0911994736772139,0,0,33.36120401337793,114.91361059553886,LYAR
GO_Biological_Process_2023,Cellular Response To Epidermal Growth Factor Stimulus (GO:0071364),1/27,0.0319198157870248,0.0911994736772139,0,0,33.36120401337793,114.91361059553886,ZFP36L2
GO_Biological_Process_2023,Regulation Of Actin Polymerization Or Depolymerization (GO:0008064),1/27,0.0319198157870248,0.0911994736772139,0,0,33.36120401337793,114.91361059553886,COTL1
GO_Biological_Process_2023,"Regulation Of DNA Damage Response, Signal Transduction By P53 Class Mediator (GO:0043516)",1/28,0.0330830787572745,0.0920572626289378,0,0,32.12399355877617,109.5021279575476,CD44
GO_Biological_Process_2023,Protein Insertion Into Mitochondrial Membrane (GO:0051204),1/28,0.0330830787572745,0.0920572626289378,0,0,32.12399355877617,109.5021279575476,TOMM7
GO_Biological_Process_2023,Regulation Of Chemotaxis (GO:0050920),1/28,0.0330830787572745,0.0920572626289378,0,0,32.12399355877617,109.5021279575476,CXCR4
GO_Biological_Process_2023,Heterotypic Cell-Cell Adhesion (GO:0034113),1/29,0.0342450021823671,0.0936615444304059,0,0,30.975155279503102,104.51682262493934,CD2
GO_Biological_Process_2023,RNA Biosynthetic Process (GO:0032774),1/29,0.0342450021823671,0.0936615444304059,0,0,30.975155279503102,104.51682262493934,ZFP36L2
GO_Biological_Process_2023,Response To Epidermal Growth Factor (GO:0070849),1/30,0.035405587532064,0.0952083026072311,0,0,29.90554722638681,99.91101302805887,ZFP36L2
GO_Biological_Process_2023,Positive Regulation Of Protein Targeting To Mitochondrion (GO:1903955),1/30,0.035405587532064,0.0952083026072311,0,0,29.90554722638681,99.91101302805887,TOMM7
GO_Biological_Process_2023,Regulation Of Cell Morphogenesis (GO:0022604),1/31,0.036564836271725,0.0959077672700985,0,0,28.9072463768116,95.64448851318151,CD44
GO_Biological_Process_2023,Positive Regulation Of Extrinsic Apoptotic Signaling Pathway (GO:2001238),1/31,0.036564836271725,0.0959077672700985,0,0,28.9072463768116,95.64448851318151,LTB
GO_Biological_Process_2023,Regulation Of Centrosome Duplication (GO:0010824),1/31,0.036564836271725,0.0959077672700985,0,0,28.9072463768116,95.64448851318151,NPM1
GO_Biological_Process_2023,Regulation Of Transcription By RNA Polymerase I (GO:0006356),1/32,0.0377227498799882,0.0973490319483567,0,0,27.97335203366059,91.6824353057917,LYAR
GO_Biological_Process_2023,Negative Regulation Of Fat Cell Differentiation (GO:0045599),1/32,0.0377227498799882,0.0973490319483567,0,0,27.97335203366059,91.6824353057917,ZFP36L2
GO_Biological_Process_2023,Positive Regulation Of Interleukin-12 Production (GO:0032735),1/33,0.0388793298193351,0.0979636656865136,0,0,27.097826086956523,87.994568412846,LTB
GO_Biological_Process_2023,Positive Regulation Of Establishment Of Protein Localization To Mitochondrion (GO:1903749),1/33,0.0388793298193351,0.0979636656865136,0,0,27.097826086956523,87.994568412846,TOMM7
GO_Biological_Process_2023,Regulation Of Protein Polymerization (GO:0032271),1/33,0.0388793298193351,0.0979636656865136,0,0,27.097826086956523,87.994568412846,COTL1
KEGG_2021_Human,Pathways in cancer,3/531,0.024892585864842,0.0995703434593683,0,0,5.261904761904762,19.433189191863587,CXCR4;FOS;IL7R
GO_Biological_Process_2023,Positive Regulation Of Transcription By RNA Polymerase I (GO:0045943),1/34,0.0400345775570758,0.1000864438926895,0,0,26.27536231884058,84.55442492330164,LYAR
Reactome_2022,Hyaluronan Metabolism R-HSA-2142845,1/16,0.0190350912060612,0.1057305144078348,0,0,57.85797101449276,229.20267994354347,CD44
Reactome_2022,FOXO-mediated Transcription Of Cell Cycle Genes R-HSA-9617828,1/17,0.0202131865779684,0.1057305144078348,0,0,54.23913043478261,211.60963296162683,BTG1
Reactome_2022,TNF Receptor Superfamily (TNFSF) Members Mediating Non-Canonical NF-kB Pathway R-HSA-5676594,1/17,0.0202131865779684,0.1057305144078348,0,0,54.23913043478261,211.60963296162683,LTB
Reactome_2022,Early Phase Of HIV Life Cycle R-HSA-162594,1/16,0.0190350912060612,0.1057305144078348,0,0,57.85797101449276,229.20267994354347,CXCR4
GO_Biological_Process_2023,Positive Regulation Of Receptor Signaling Pathway Via JAK-STAT (GO:0046427),1/37,0.0434923421950774,0.1070580730955752,0,0,24.082125603864736,75.50156731119475,IL7R
GO_Biological_Process_2023,Positive Regulation Of Receptor Signaling Pathway Via STAT (GO:1904894),1/37,0.0434923421950774,0.1070580730955752,0,0,24.082125603864736,75.50156731119475,IL7R
GO_Biological_Process_2023,Positive Regulation Of Myoblast Differentiation (GO:0045663),1/38,0.0446422757586845,0.1074099867878125,0,0,23.43008225616921,72.84585913763358,BTG1
GO_Biological_Process_2023,Response To Transforming Growth Factor Beta (GO:0071559),1/38,0.0446422757586845,0.1074099867878125,0,0,23.43008225616921,72.84585913763358,ZFP36L2
GO_Biological_Process_2023,Connective Tissue Development (GO:0061448),1/38,0.0446422757586845,0.1074099867878125,0,0,23.43008225616921,72.84585913763358,CD44
GO_Biological_Process_2023,Nuclear Transport (GO:0051169),1/39,0.0457908844272047,0.1077432574757758,0,0,22.812356979405035,70.34578626791965,NPM1
GO_Biological_Process_2023,Transmembrane Receptor Protein Tyrosine Kinase Signaling Pathway (GO:0007169),2/284,0.0451685387699508,0.1077432574757758,0,0,6.348807221147647,19.664506485321223,CD8A;CD3E
GO_Biological_Process_2023,Regulation Of Protein Targeting To Mitochondrion (GO:1903214),1/39,0.0457908844272047,0.1077432574757758,0,0,22.812356979405035,70.34578626791965,TOMM7
GO_Biological_Process_2023,Negative Regulation Of Mitotic Cell Cycle Phase Transition (GO:1901991),1/40,0.0469381696680575,0.109636600684514,0,0,22.22630992196209,67.98859468163421,ZFP36L2
GO_Biological_Process_2023,Positive Regulation Of mRNA Catabolic Process (GO:0061014),1/45,0.0526547952997809,0.1115863211650986,0,0,19.695652173913043,57.98395993375175,ZFP36L2
GO_Biological_Process_2023,Negative Regulation Of Response To Biotic Stimulus (GO:0002832),1/45,0.0526547952997809,0.1115863211650986,0,0,19.695652173913043,57.98395993375175,LYAR
GO_Biological_Process_2023,Regulation Of Stem Cell Differentiation (GO:2000736),1/45,0.0526547952997809,0.1115863211650986,0,0,19.695652173913043,57.98395993375175,ZFP36L2
GO_Biological_Process_2023,Positive Regulation Of Biosynthetic Process (GO:0009891),1/44,0.0515141054042076,0.1115863211650986,0,0,20.154701718907987,59.77682211833107,VIM
GO_Biological_Process_2023,Positive Regulation Of Cytokine-Mediated Signaling Pathway (GO:0001961),1/44,0.0515141054042076,0.1115863211650986,0,0,20.154701718907987,59.77682211833107,CXCR4
GO_Biological_Process_2023,Positive Regulation Of Leukocyte Cell-Cell Adhesion (GO:1903039),1/44,0.0515141054042076,0.1115863211650986,0,0,20.154701718907987,59.77682211833107,CD44
GO_Biological_Process_2023,Regulation Of DNA Recombination (GO:0000018),1/44,0.0515141054042076,0.1115863211650986,0,0,20.154701718907987,59.77682211833107,IL7R
GO_Biological_Process_2023,Positive Regulation Of miRNA Transcription (GO:1902895),1/43,0.0503720993417929,0.1115863211650986,0,0,20.63561076604555,61.66576382608654,FOS
GO_Biological_Process_2023,Regulation Of Apoptotic Process (GO:0042981),3/705,0.0509420210259776,0.1115863211650986,0,0,3.9222629222629215,11.676840042978624,NPM1;CD3E;CD44
GO_Biological_Process_2023,mRNA Catabolic Process (GO:0006402),1/43,0.0503720993417929,0.1115863211650986,0,0,20.63561076604555,61.66576382608654,ZFP36L2
GO_Biological_Process_2023,mRNA Destabilization (GO:0061157),1/43,0.0503720993417929,0.1115863211650986,0,0,20.63561076604555,61.66576382608654,ZFP36L2
GO_Biological_Process_2023,Establishment Of Protein Localization To Mitochondrion (GO:0072655),1/44,0.0515141054042076,0.1115863211650986,0,0,20.154701718907987,59.77682211833107,TOMM7
GO_Biological_Process_2023,Positive Regulation Of Cell-Matrix Adhesion (GO:0001954),1/43,0.0503720993417929,0.1115863211650986,0,0,20.63561076604555,61.66576382608654,CD3E
GO_Biological_Process_2023,Natural Killer Cell Activation (GO:0030101),1/45,0.0526547952997809,0.1115863211650986,0,0,19.695652173913043,57.98395993375175,CD2
Reactome_2022,Nuclear Events Stimulated By ALK Signaling In Cancer R-HSA-9725371,1/19,0.0225653114296027,0.113662309423184,0,0,48.20772946859904,182.7719626724847,NPM1
GO_Biological_Process_2023,Ribosome Assembly (GO:0042255),1/50,0.0583385530130099,0.1146406879846488,0,0,17.68145519077196,50.24171555062859,NPM1
GO_Biological_Process_2023,Regulation Of Interleukin-12 Production (GO:0032655),1/50,0.0583385530130099,0.1146406879846488,0,0,17.68145519077196,50.24171555062859,LTB
GO_Biological_Process_2023,Positive Regulation Of DNA-templated Transcription (GO:0045893),4/1243,0.0583951004421805,0.1146406879846488,0,0,3.02453591606134,8.591264708610643,NPM1;FOS;LYAR;JUNB
GO_Biological_Process_2023,Nucleocytoplasmic Transport (GO:0006913),1/50,0.0583385530130099,0.1146406879846488,0,0,17.68145519077196,50.24171555062859,NPM1
GO_Biological_Process_2023,Negative Regulation Of Cysteine-Type Endopeptidase Activity Involved In Apoptotic Process (GO:0043154),1/49,0.0572044222192574,0.1146406879846488,0,0,18.05072463768116,51.645362778983234,CD44
GO_Biological_Process_2023,Pyruvate Metabolic Process (GO:0006090),1/50,0.0583385530130099,0.1146406879846488,0,0,17.68145519077196,50.24171555062859,LDHB
GO_Biological_Process_2023,Positive Regulation Of Cytokine Production (GO:0001819),2/320,0.0558987161638331,0.1146406879846488,0,0,5.61978273299028,16.208655280951106,CD2;LTB
GO_Biological_Process_2023,Erythrocyte Differentiation (GO:0030218),1/49,0.0572044222192574,0.1146406879846488,0,0,18.05072463768116,51.645362778983234,LYAR
GO_Biological_Process_2023,Positive Regulation Of miRNA Metabolic Process (GO:2000630),1/49,0.0572044222192574,0.1146406879846488,0,0,18.05072463768116,51.645362778983234,FOS
GO_Biological_Process_2023,Regulation Of T Cell Differentiation (GO:0045580),1/47,0.0549322324024034,0.1146406879846488,0,0,18.83742911153119,54.65972021027424,CD2
GO_Biological_Process_2023,Myelination (GO:0042552),1/48,0.0560689824984696,0.1146406879846488,0,0,18.43570767807585,53.1164542750393,CXCR4
GO_Biological_Process_2023,Neurogenesis (GO:0022008),1/49,0.0572044222192574,0.1146406879846488,0,0,18.05072463768116,51.645362778983234,CXCR4
GO_Biological_Process_2023,SMAD Protein Signal Transduction (GO:0060395),1/51,0.0594713763211451,0.1160417098949174,0,0,17.32695652173913,48.901178953928365,FOS
GO_Biological_Process_2023,Negative Regulation Of Cysteine-Type Endopeptidase Activity (GO:2000117),1/53,0.06173310622682,0.1162034940740141,0,0,16.65886287625418,46.3938490228076,CD44
GO_Biological_Process_2023,Mitochondrial Transport (GO:0006839),1/53,0.06173310622682,0.1162034940740141,0,0,16.65886287625418,46.3938490228076,TOMM7
GO_Biological_Process_2023,Regulation Of Receptor Signaling Pathway Via JAK-STAT (GO:0046425),1/53,0.06173310622682,0.1162034940740141,0,0,16.65886287625418,46.3938490228076,IL7R
GO_Biological_Process_2023,Negative Regulation Of Gene Expression (GO:0010629),2/336,0.0609318865399986,0.1162034940740141,0,0,5.346216657593903,14.95870700544551,CD3E;ZFP36L2
GO_Biological_Process_2023,Negative Regulation Of Innate Immune Response (GO:0045824),1/52,0.0606028935764472,0.1162034940740141,0,0,16.986359761295823,47.619775632857134,LYAR
GO_Biological_Process_2023,Cartilage Development (GO:0051216),1/52,0.0606028935764472,0.1162034940740141,0,0,16.986359761295823,47.619775632857134,CD44
GO_Biological_Process_2023,Ribosomal Large Subunit Biogenesis (GO:0042273),1/54,0.0628620157036355,0.1162765608390946,0,0,16.343724364232976,45.22003200693963,NPM1
GO_Biological_Process_2023,Regulation Of Myoblast Differentiation (GO:0045661),1/54,0.0628620157036355,0.1162765608390946,0,0,16.343724364232976,45.22003200693963,BTG1
GO_Biological_Process_2023,Nucleosome Assembly (GO:0006334),1/54,0.0628620157036355,0.1162765608390946,0,0,16.343724364232976,45.22003200693963,NPM1
GO_Biological_Process_2023,Cellular Response To Peptide (GO:1901653),1/56,0.0651159309062086,0.1197534361493492,0,0,15.747826086956522,43.01654198332297,VIM
GO_Biological_Process_2023,Protein Localization (GO:0008104),2/351,0.0657888497664747,0.1202996110015537,0,0,5.112529304506382,13.912751106268828,NPM1;NBEAL1
GO_Biological_Process_2023,Regulation Of miRNA Transcription (GO:1902893),1/59,0.0684870657945493,0.1204168189794274,0,0,14.93103448275862,40.03175141731448,FOS
GO_Biological_Process_2023,RNA Catabolic Process (GO:0006401),1/57,0.0662409394878685,0.1204168189794274,0,0,15.46583850931677,41.9813471983268,ZFP36L2
GO_Biological_Process_2023,Protein Targeting To Mitochondrion (GO:0006626),1/59,0.0684870657945493,0.1204168189794274,0,0,14.93103448275862,40.03175141731448,TOMM7
GO_Biological_Process_2023,protein-DNA Complex Assembly (GO:0065004),1/59,0.0684870657945493,0.1204168189794274,0,0,14.93103448275862,40.03175141731448,NPM1
GO_Biological_Process_2023,DNA-templated Transcription Initiation (GO:0006352),1/59,0.0684870657945493,0.1204168189794274,0,0,14.93103448275862,40.03175141731448,ZFP36L2
GO_Biological_Process_2023,Regulation Of Phagocytosis (GO:0050764),1/58,0.0673646506413824,0.1204168189794274,0,0,15.193745232646837,40.98717694310057,LYAR
GO_Biological_Process_2023,Positive Regulation Of Type II Interferon Production (GO:0032729),1/58,0.0673646506413824,0.1204168189794274,0,0,15.193745232646837,40.98717694310057,CD2
Reactome_2022,Estrogen-dependent Nuclear Events Downstream Of ESR-membrane Signaling R-HSA-9634638,1/24,0.0284219748654964,0.1207933931783598,0,0,37.71833648393195,134.2996324147713,FOS
Reactome_2022,PINK1-PRKN Mediated Mitophagy R-HSA-5205685,1/22,0.0260833561592032,0.1207933931783598,0,0,41.31469979296066,150.65231192236567,TOMM7
Reactome_2022,TP53 Regulates Transcription Of Additional Cell Cycle Genes With Uncertain Roles In P53 Pathway R-HSA-6804115,1/21,0.0249120249496479,0.1207933931783598,0,0,43.38260869565217,160.18614661402282,NPM1
Reactome_2022,Other Interleukin Signaling R-HSA-449836,1/24,0.0284219748654964,0.1207933931783598,0,0,37.71833648393195,134.2996324147713,IL32
Reactome_2022,RHOBTB1 GTPase Cycle R-HSA-9013422,1/23,0.0272533389718204,0.1207933931783598,0,0,39.43478260869565,142.06692893534887,VIM
GO_Biological_Process_2023,Regulation Of Extrinsic Apoptotic Signaling Pathway (GO:2001236),1/60,0.0696081863665755,0.1210577154201313,0,0,14.67722918201916,39.11295320546662,LTB
GO_Biological_Process_2023,Positive Regulation Of Phagocytosis (GO:0050766),1/60,0.0696081863665755,0.1210577154201313,0,0,14.67722918201916,39.11295320546662,LYAR
Reactome_2022,Interleukin-7 Signaling R-HSA-1266695,1/25,0.0295892653137072,0.1219436388686116,0,0,36.14492753623188,127.2425658336615,IL7R
Reactome_2022,HIV Infection R-HSA-162906,2/229,0.0305329595980769,0.1221318383923078,0,0,7.909090909090909,27.59441115059976,NPM1;CXCR4
GO_Biological_Process_2023,Positive Regulation Of Interleukin-8 Production (GO:0032757),1/61,0.0707280137906396,0.1223403481784037,0,0,14.431884057971017,38.22881323170655,CD2
GO_Biological_Process_2023,Positive Regulation Of Apoptotic Signaling Pathway (GO:2001235),1/62,0.0718465495096426,0.1229459670753242,0,0,14.194583036350677,37.3774981425394,LTB
GO_Biological_Process_2023,Regulation Of T Cell Activation (GO:0050863),1/62,0.0718465495096426,0.1229459670753242,0,0,14.194583036350677,37.3774981425394,CD2
GO_Biological_Process_2023,Regulation Of Cell-Matrix Adhesion (GO:0001952),1/65,0.075194420561284,0.1245841691757076,0,0,13.527173913043478,35.00397365710232,CD3E
GO_Biological_Process_2023,Response To Reactive Oxygen Species (GO:0000302),1/66,0.0763078036201209,0.1245841691757076,0,0,13.31839464882943,34.26796400153892,FOS
GO_Biological_Process_2023,Negative Regulation Of Cell Population Proliferation (GO:0008285),2/379,0.075193104614028,0.1245841691757076,0,0,4.726067036411864,12.229623566345394,NPM1;BTG1
GO_Biological_Process_2023,Negative Regulation Of Immune Response (GO:0050777),1/66,0.0763078036201209,0.1245841691757076,0,0,13.31839464882943,34.26796400153892,LYAR
GO_Biological_Process_2023,Cellular Response To Light Stimulus (GO:0071482),1/65,0.075194420561284,0.1245841691757076,0,0,13.527173913043478,35.00397365710232,NPM1
GO_Biological_Process_2023,Positive Regulation Of T Cell Proliferation (GO:0042102),1/65,0.075194420561284,0.1245841691757076,0,0,13.527173913043478,35.00397365710232,CD3E
GO_Biological_Process_2023,Regulation Of Translational Initiation (GO:0006446),1/65,0.075194420561284,0.1245841691757076,0,0,13.527173913043478,35.00397365710232,NPM1
GO_Biological_Process_2023,Regulation Of DNA-templated Transcription (GO:0006355),5/1922,0.0741732187050278,0.1245841691757076,0,0,2.479065425692557,6.448922120218635,NPM1;BTG1;FOS;JUNB;ZFP36L2
GO_Biological_Process_2023,Negative Regulation Of Programmed Cell Death (GO:0043069),2/381,0.075880924310363,0.1245841691757076,0,0,4.700647637323099,12.121042769148922,NPM1;CD44
GO_Biological_Process_2023,Intermediate Filament Organization (GO:0045109),1/68,0.0785307173419281,0.1275625865452639,0,0,12.919532770927969,32.870720562250014,VIM
Reactome_2022,Mitophagy R-HSA-5205647,1/28,0.0330830787572745,0.1285513917425524,0,0,32.12399355877617,109.5021279575476,TOMM7
Reactome_2022,FCERI Mediated MAPK Activation R-HSA-2871796,1/29,0.0342450021823671,0.1293700082444982,0,0,30.975155279503102,104.51682262493934,FOS
Reactome_2022,MAPK Targets/ Nuclear Events Mediated By MAP Kinases R-HSA-450282,1/30,0.035405587532064,0.1301394568746139,0,0,29.90554722638681,99.91101302805887,FOS
GO_Biological_Process_2023,Regulation Of Actin Filament Polymerization (GO:0030833),1/70,0.0807485039378433,0.1305026326268174,0,0,12.54379332073094,31.56540025786133,COTL1
Reactome_2022,Pyruvate Metabolism R-HSA-70268,1/31,0.036564836271725,0.1308636245514371,0,0,28.9072463768116,95.64448851318151,LDHB
GO_Biological_Process_2023,Positive Regulation Of Cell-Substrate Adhesion (GO:0010811),1/71,0.0818554781101707,0.1314236431470309,0,0,12.363975155279505,30.944557621408983,CD3E
GO_Biological_Process_2023,Transforming Growth Factor Beta Receptor Signaling Pathway (GO:0007179),1/72,0.0829611747365632,0.1314236431470309,0,0,12.189222290263318,30.343637326988627,FOS
GO_Biological_Process_2023,Second-Messenger-Mediated Signaling (GO:0019932),1/72,0.0829611747365632,0.1314236431470309,0,0,12.189222290263318,30.343637326988627,CXCR4
GO_Biological_Process_2023,Plasma Membrane Organization (GO:0007009),1/72,0.0829611747365632,0.1314236431470309,0,0,12.189222290263318,30.343637326988627,CXCR4
GO_Biological_Process_2023,Cellular Response To Reactive Oxygen Species (GO:0034614),1/73,0.0840655952372061,0.1325171944625909,0,0,12.019323671497585,29.76174313200534,FOS
GO_Biological_Process_2023,Cellular Response To Oxygen-Containing Compound (GO:1901701),2/406,0.0846496121721851,0.1327837053681336,0,0,4.404140414041404,10.874856562857468,FOS;VIM
GO_Biological_Process_2023,Positive Regulation Of Lymphocyte Proliferation (GO:0050671),1/74,0.0851687410035164,0.1329463274201232,0,0,11.854079809410363,29.198030568281716,CD3E
GO_Biological_Process_2023,Regulation Of Fat Cell Differentiation (GO:0045598),1/75,0.0862706134691211,0.1333651995657912,0,0,11.693301997649824,28.65170329299039,ZFP36L2
GO_Biological_Process_2023,Nucleosome Organization (GO:0034728),1/75,0.0862706134691211,0.1333651995657912,0,0,11.693301997649824,28.65170329299039,NPM1
Reactome_2022,Striated Muscle Contraction R-HSA-390522,1/33,0.0388793298193351,0.1355792014212711,0,0,27.097826086956523,87.994568412846,VIM
GO_Biological_Process_2023,Regulation Of T Cell Proliferation (GO:0042129),1/77,0.08847054408079,0.1361085293550616,0,0,11.384439359267734,27.608240154776084,CD3E
Reactome_2022,Nuclear Import Of Rev Protein R-HSA-180746,1/34,0.0400345775570758,0.1361175636940578,0,0,26.27536231884058,84.55442492330164,NPM1
GO_Biological_Process_2023,Regulation Of Innate Immune Response (GO:0045088),1/78,0.0895686050392431,0.1364854933931323,0,0,11.236024844720497,27.109723557490454,LYAR
GO_Biological_Process_2023,Positive Regulation Of Tumor Necrosis Factor Production (GO:0032760),1/78,0.0895686050392431,0.1364854933931323,0,0,11.236024844720497,27.109723557490454,CD2
Reactome_2022,RHOBTB GTPase Cycle R-HSA-9706574,1/35,0.0411884945546998,0.1366252502302238,0,0,25.50127877237852,81.33878492786673,VIM
GO_Biological_Process_2023,Positive Regulation Of Endocytosis (GO:0045807),1/79,0.0906653982949543,0.1368534313886104,0,0,11.091415830546266,26.62582536725388,LYAR
GO_Biological_Process_2023,Cellular Response To UV (GO:0034644),1/79,0.0906653982949543,0.1368534313886104,0,0,11.091415830546266,26.62582536725388,NPM1
Reactome_2022,Transcriptional Regulation By AP-2 (TFAP2) Family Of Transcription Factors R-HSA-8864260,1/36,0.0423410822826446,0.1371044569152301,0,0,24.77142857142857,78.32719402267635,NPM1
Reactome_2022,Interactions Of Rev With Host Cellular Proteins R-HSA-177243,1/37,0.0434923421950774,0.1375571753146635,0,0,24.082125603864736,75.50156731119475,NPM1
GO_Biological_Process_2023,Regulation Of Organelle Assembly (GO:1902115),1/80,0.0917609252380958,0.1378567890900969,0,0,10.950467804072646,26.155944898719028,NPM1
Reactome_2022,Apoptotic Cleavage Of Cellular Proteins R-HSA-111465,1/38,0.0446422757586845,0.1379852159813886,0,0,23.43008225616921,72.84585913763358,VIM
Reactome_2022,NGF-stimulated Transcription R-HSA-9031628,1/39,0.0457908844272047,0.1383902284911076,0,0,22.812356979405035,70.34578626791965,FOS
GO_Biological_Process_2023,Regulation Of Interleukin-8 Production (GO:0032677),1/81,0.0928551872903362,0.1388488781911569,0,0,10.81304347826087,25.69951317247928,CD2
GO_Biological_Process_2023,Positive Regulation Of Tumor Necrosis Factor Superfamily Cytokine Production (GO:1903557),1/82,0.093948185827494,0.1391824975222133,0,0,10.679012345679013,25.25599088572858,CD2
GO_Biological_Process_2023,Cellular Response To Organic Substance (GO:0071310),1/82,0.093948185827494,0.1391824975222133,0,0,10.679012345679013,25.25599088572858,CXCR4
GO_Biological_Process_2023,mRNA Metabolic Process (GO:0016071),1/85,0.0972196143523994,0.1407704823202164,0,0,10.296066252587991,23.99789406869696,ZFP36L2
GO_Biological_Process_2023,Negative Regulation Of Cell Cycle (GO:0045786),1/85,0.0972196143523994,0.1407704823202164,0,0,10.296066252587991,23.99789406869696,BTG1
GO_Biological_Process_2023,Regulation Of Cysteine-Type Endopeptidase Activity Involved In Apoptotic Process (GO:0043281),1/84,0.0961303979665749,0.1407704823202164,0,0,10.420639078051336,24.40565459564988,CD44
GO_Biological_Process_2023,Ribosomal Small Subunit Biogenesis (GO:0042274),1/84,0.0961303979665749,0.1407704823202164,0,0,10.420639078051336,24.40565459564988,NPM1
GO_Biological_Process_2023,Calcium-Mediated Signaling (GO:0019722),1/85,0.0972196143523994,0.1407704823202164,0,0,10.296066252587991,23.99789406869696,CXCR4
GO_Biological_Process_2023,Regulation Of Mitotic Cell Cycle Phase Transition (GO:1901990),1/86,0.0983075728072943,0.1417046094519558,0,0,10.174424552429668,23.601146819428006,ZFP36L2
GO_Biological_Process_2023,Regulation Of Type II Interferon Production (GO:0032649),1/87,0.0993942747281716,0.142628555663744,0,0,10.055611729019212,23.21499626974228,CD2
GO_Biological_Process_2023,Negative Regulation Of Protein Kinase Activity (GO:0006469),1/88,0.1004797214862166,0.1429044927803969,0,0,9.93953023488256,22.83904609412469,NPM1
GO_Biological_Process_2023,Positive Regulation Of Transcription By RNA Polymerase II (GO:0045944),3/938,0.1002629608482806,0.1429044927803969,0,0,2.9092436974789915,6.691141038676497,NPM1;FOS;JUNB
GO_Biological_Process_2023,Positive Regulation Of Peptidyl-Serine Phosphorylation (GO:0033138),1/89,0.1015639144603895,0.1431738001203729,0,0,9.826086956521738,22.47291901655056,CD44
GO_Biological_Process_2023,Cellular Response To Chemical Stress (GO:0062197),1/89,0.1015639144603895,0.1431738001203729,0,0,9.826086956521738,22.47291901655056,ZFP36L2
GO_Biological_Process_2023,Regulation Of Peptidyl-Tyrosine Phosphorylation (GO:0050730),1/90,0.1026468550534564,0.1440657614785353,0,0,9.715192965315095,22.1162556930706,CD44
GO_Biological_Process_2023,rRNA Metabolic Process (GO:0016072),1/91,0.1037285446608088,0.1449481846788595,0,0,9.606763285024154,21.76871367585296,LYAR
GO_Biological_Process_2023,Regulation Of Peptidyl-Serine Phosphorylation (GO:0033135),1/93,0.1058881763859252,0.1473226801891133,0,0,9.396975425330814,21.099702511470603,CD44
Reactome_2022,SUMOylation Of Transcription Cofactors R-HSA-3899300,1/43,0.0503720993417929,0.1489262067496486,0,0,20.63561076604555,61.66576382608654,NPM1
KEGG_2021_Human,Propanoate metabolism,1/34,0.0400345775570758,0.1521313947168881,0,0,26.27536231884058,84.55442492330164,LDHB
GO_Biological_Process_2023,Monocarboxylic Acid Metabolic Process (GO:0032787),1/97,0.1101924885374388,0.1526476031687464,0,0,9.003623188405797,19.85772995832064,LDHB
GO_Biological_Process_2023,Positive Regulation Of Cold-Induced Thermogenesis (GO:0120162),1/98,0.1112654597409712,0.1528109318330935,0,0,8.910354101299866,19.565679904837808,CXCR4
GO_Biological_Process_2023,MAPK Cascade (GO:0000165),1/98,0.1112654597409712,0.1528109318330935,0,0,8.910354101299866,19.565679904837808,ZFP36L2
GO_Biological_Process_2023,Negative Regulation Of Apoptotic Process (GO:0043066),2/482,0.1130484873204616,0.1531648503152219,0,0,3.6924242424242415,8.049257620284667,NPM1;CD44
GO_Biological_Process_2023,Response To UV (GO:0009411),1/100,0.113407683581024,0.1531648503152219,0,0,8.729468599033817,19.002011610155247,NPM1
GO_Biological_Process_2023,ncRNA Processing (GO:0034470),1/100,0.113407683581024,0.1531648503152219,0,0,8.729468599033817,19.002011610155247,LYAR
GO_Biological_Process_2023,Positive Regulation Of Cell Population Proliferation (GO:0008284),2/483,0.1134377172647112,0.1531648503152219,0,0,3.684558684558685,8.019446911463614,NPM1;IL7R
GO_Biological_Process_2023,rRNA Processing (GO:0006364),1/101,0.1144769389479113,0.1539185733753429,0,0,8.641739130434782,18.72994882754533,LYAR
GO_Biological_Process_2023,Positive Regulation Of Vasculature Development (GO:1904018),1/104,0.1176772952617389,0.1575595585094413,0,0,8.388771633600676,17.95037060748583,BTG1
GO_Biological_Process_2023,Positive Regulation Of T Cell Activation (GO:0050870),1/107,0.1208665655220423,0.1604867260043715,0,0,8.150123051681707,17.221765081771377,CD3E
GO_Biological_Process_2023,Regulation Of Cellular Response To Stress (GO:0080135),1/107,0.1208665655220423,0.1604867260043715,0,0,8.150123051681707,17.221765081771377,NPM1
GO_Biological_Process_2023,Response To Tumor Necrosis Factor (GO:0034612),1/108,0.1219271983915178,0.1605625657830688,0,0,8.073547338480292,16.989417130025068,ZFP36L2
GO_Biological_Process_2023,Positive Regulation Of Metabolic Process (GO:0009893),1/108,0.1219271983915178,0.1605625657830688,0,0,8.073547338480292,16.989417130025068,CXCR4
GO_Biological_Process_2023,Cell-Matrix Adhesion (GO:0007160),1/109,0.122986604933458,0.1612939081094531,0,0,7.998389694041868,16.76206397444012,CD44
Reactome_2022,Adaptive Immune System R-HSA-1280218,3/733,0.0560323971878025,0.162079196287896,0,0,3.766340508806262,10.853935119301095,CD8A;CD3E;CD3D
Reactome_2022,TP53 Regulates Transcription Of Cell Cycle Genes R-HSA-6791312,1/49,0.0572044222192574,0.162079196287896,0,0,18.05072463768116,51.645362778983234,NPM1
GO_Biological_Process_2023,Negative Regulation Of Defense Response (GO:0031348),1/112,0.1261574800052537,0.1647771167415558,0,0,7.781041911476694,16.108502130987272,LYAR
Reactome_2022,Chemokine Receptors Bind Chemokines R-HSA-380108,1/56,0.0651159309062086,0.1670899359102712,0,0,15.747826086956522,43.01654198332297,CXCR4
Reactome_2022,Pyruvate Metabolism And Citric Acid (TCA) Cycle R-HSA-71406,1/54,0.0628620157036355,0.1670899359102712,0,0,16.343724364232976,45.22003200693963,LDHB
Reactome_2022,Signaling By ALK Fusions And Activated Point Mutants R-HSA-9725370,1/55,0.0639896234601604,0.1670899359102712,0,0,16.0402576489533,44.09521913474902,NPM1
Reactome_2022,Apoptotic Execution Phase R-HSA-75153,1/52,0.0606028935764472,0.1670899359102712,0,0,16.986359761295823,47.619775632857134,VIM
Reactome_2022,Deposition Of New CENPA-containing Nucleosomes At Centromere R-HSA-606279,1/53,0.06173310622682,0.1670899359102712,0,0,16.65886287625418,46.3938490228076,NPM1
Reactome_2022,Transcriptional Regulation By TP53 R-HSA-3700989,2/354,0.0667757793085828,0.1681760367771715,0,0,5.068181818181818,13.716602532137204,NPM1;FOS
Reactome_2022,Nuclear Events (Kinase And Transcription Factor Activation) R-HSA-198725,1/61,0.0707280137906396,0.1684677712639895,0,0,14.431884057971017,38.22881323170655,FOS
Reactome_2022,Selective Autophagy R-HSA-9663891,1/61,0.0707280137906396,0.1684677712639895,0,0,14.431884057971017,38.22881323170655,TOMM7
Reactome_2022,TP53 Regulates Transcription Of DNA Repair Genes R-HSA-6796648,1/62,0.0718465495096426,0.1684677712639895,0,0,14.194583036350677,37.3774981425394,FOS
Reactome_2022,MAP Kinase Activation R-HSA-450294,1/62,0.0718465495096426,0.1684677712639895,0,0,14.194583036350677,37.3774981425394,FOS
Reactome_2022,Mitochondrial Protein Import R-HSA-1268020,1/65,0.075194420561284,0.1701288736448598,0,0,13.527173913043478,35.00397365710232,TOMM7
Reactome_2022,FOXO-mediated Transcription R-HSA-9614085,1/65,0.075194420561284,0.1701288736448598,0,0,13.527173913043478,35.00397365710232,BTG1
Reactome_2022,Integrin Cell Surface Interactions R-HSA-216083,1/66,0.0763078036201209,0.1701288736448598,0,0,13.31839464882943,34.26796400153892,CD44
GO_Biological_Process_2023,Cellular Response To Molecule Of Bacterial Origin (GO:0071219),1/117,0.1314178712516278,0.1709500764248817,0,0,7.443778110944527,15.106203624202356,VIM
GO_Biological_Process_2023,Positive Regulation Of Angiogenesis (GO:0045766),1/119,0.133513518994454,0.1715836388683746,0,0,7.316875460574797,14.732913171378236,BTG1
GO_Biological_Process_2023,Ribonucleoprotein Complex Biogenesis (GO:0022613),1/118,0.1324663015463994,0.1715836388683746,0,0,7.379784466740989,14.917695529897635,NPM1
GO_Biological_Process_2023,Cellular Response To Tumor Necrosis Factor (GO:0071356),1/119,0.133513518994454,0.1715836388683746,0,0,7.316875460574797,14.732913171378236,ZFP36L2
GO_Biological_Process_2023,Negative Regulation Of Cellular Process (GO:0048523),2/537,0.134967926735932,0.172758946221993,0,0,3.303483432455395,6.615946091321635,NPM1;BTG1
GO_Biological_Process_2023,Regulation Of DNA Metabolic Process (GO:0051052),1/124,0.1387314605097311,0.1745818547049009,0,0,7.017674089784376,13.86141620257972,IL7R
GO_Biological_Process_2023,Negative Regulation Of Growth (GO:0045926),1/124,0.1387314605097311,0.1745818547049009,0,0,7.017674089784376,13.86141620257972,BTG1
GO_Biological_Process_2023,Cellular Response To Lipopolysaccharide (GO:0071222),1/124,0.1387314605097311,0.1745818547049009,0,0,7.017674089784376,13.86141620257972,VIM
GO_Biological_Process_2023,Regulation Of Response To External Stimulus (GO:0032101),1/127,0.141847756947732,0.1745818547049009,0,0,6.849551414768806,13.37718028791238,CXCR4
GO_Biological_Process_2023,Regulation Of Mitotic Cell Cycle (GO:0007346),1/125,0.1397714290303165,0.1745818547049009,0,0,6.9607293127629735,13.696953111939228,BTG1
GO_Biological_Process_2023,Negative Regulation Of Cell Growth (GO:0030308),1/125,0.1397714290303165,0.1745818547049009,0,0,6.9607293127629735,13.696953111939228,BTG1
GO_Biological_Process_2023,Response To Cytokine (GO:0034097),1/125,0.1397714290303165,0.1745818547049009,0,0,6.9607293127629735,13.696953111939228,CXCR4
GO_Biological_Process_2023,Positive Regulation Of Intracellular Protein Transport (GO:0090316),1/126,0.140810194056071,0.1745818547049009,0,0,6.904695652173913,13.535567900922477,TOMM7
GO_Biological_Process_2023,Protein-Containing Complex Organization (GO:0043933),1/126,0.140810194056071,0.1745818547049009,0,0,6.904695652173913,13.535567900922477,CD3E
GO_Biological_Process_2023,Regulation Of Tumor Necrosis Factor Production (GO:0032680),1/127,0.141847756947732,0.1745818547049009,0,0,6.849551414768806,13.37718028791238,CD2
Reactome_2022,Interleukin-17 Signaling R-HSA-448424,1/69,0.0796402508235888,0.1746947437420657,0,0,12.728900255754477,32.20711721652364,FOS
GO_Biological_Process_2023,Positive Regulation Of Nucleic Acid-Templated Transcription (GO:1903508),2/557,0.1431735827536104,0.175538492264963,0,0,3.181162981162981,6.183218595456877,NPM1;FOS
GO_Biological_Process_2023,Positive Regulation Of Peptidyl-Tyrosine Phosphorylation (GO:0050731),1/130,0.1449532460203582,0.1757009042671009,0,0,6.689248399056286,12.919239959338638,CD44
GO_Biological_Process_2023,Transmembrane Receptor Protein Serine/Threonine Kinase Signaling Pathway (GO:0007178),1/130,0.1449532460203582,0.1757009042671009,0,0,6.689248399056286,12.919239959338638,FOS
GO_Biological_Process_2023,Protein Targeting (GO:0006605),1/129,0.1439192816023307,0.1757009042671009,0,0,6.741847826086956,13.069090085751164,TOMM7
GO_Biological_Process_2023,Non-Membrane-Bounded Organelle Assembly (GO:0140694),1/135,0.150105142103055,0.1805776145600661,0,0,6.438027255029202,12.209199031438672,NPM1
GO_Biological_Process_2023,Cellular Response To Metal Ion (GO:0071248),1/135,0.150105142103055,0.1805776145600661,0,0,6.438027255029202,12.209199031438672,FOS
Reactome_2022,Extra-nuclear Estrogen Signaling R-HSA-9009391,1/73,0.0840655952372061,0.1814749357501592,0,0,12.019323671497585,29.76174313200534,FOS
KEGG_2021_Human,MicroRNAs in cancer,2/310,0.0528334953660874,0.1847387512078648,0,0,5.805194805194805,17.070813358958546,VIM;CD44
KEGG_2021_Human,Intestinal immune network for IgA production,1/48,0.0560689824984696,0.1847387512078648,0,0,18.43570767807585,53.1164542750393,CXCR4
KEGG_2021_Human,Cysteine and methionine metabolism,1/50,0.0583385530130099,0.1847387512078648,0,0,17.68145519077196,50.24171555062859,LDHB
KEGG_2021_Human,Pyruvate metabolism,1/47,0.0549322324024034,0.1847387512078648,0,0,18.83742911153119,54.65972021027424,LDHB
GO_Biological_Process_2023,Positive Regulation Of Cellular Process (GO:0048522),2/594,0.158636819707006,0.1901265254915428,0,0,2.9766584766584767,5.480438564693934,NPM1;IL7R
GO_Biological_Process_2023,Regulation Of Cell Adhesion (GO:0030155),1/144,0.1593036813557299,0.1902133508725133,0,0,6.030100334448161,11.076950313772782,CXCR4
GO_Biological_Process_2023,Regulation Of Cold-Induced Thermogenesis (GO:0120161),1/146,0.1613348050704303,0.1912116208242137,0,0,5.946326836581709,10.847726700068096,CXCR4
GO_Biological_Process_2023,Negative Regulation Of Response To External Stimulus (GO:0032102),1/146,0.1613348050704303,0.1912116208242137,0,0,5.946326836581709,10.847726700068096,LYAR
GO_Biological_Process_2023,Skeletal System Development (GO:0001501),1/149,0.1643726754156526,0.1940931960627633,0,0,5.824911868390129,10.51757164836888,CD44
GO_Biological_Process_2023,Positive Regulation Of NF-kappaB Transcription Factor Activity (GO:0051092),1/152,0.1673999986848398,0.1969411749233409,0,0,5.708321336020731,10.20287733317767,NPM1
Reactome_2022,Senescence-Associated Secretory Phenotype (SASP) R-HSA-2559582,1/81,0.0928551872903362,0.1973172729919644,0,0,10.81304347826087,25.69951317247928,FOS
Reactome_2022,RHO GTPase Cycle R-HSA-9012999,2/441,0.0974237519250943,0.2038404655663513,0,0,4.045765168772003,9.42131362680312,IL32;VIM
GO_Biological_Process_2023,Response To Lipopolysaccharide (GO:0032496),1/159,0.17442293322238,0.2044517898577348,0,0,5.453494771601541,9.5232867395977,VIM
GO_Biological_Process_2023,Mitochondrion Organization (GO:0007005),1/162,0.1774153519780358,0.2072004110692389,0,0,5.351066702673508,9.253394564376691,TOMM7
KEGG_2021_Human,Cholinergic synapse,1/113,0.1272119947110949,0.2074077027006901,0,0,7.711180124223603,15.899684877362125,FOS
KEGG_2021_Human,Leukocyte transendothelial migration,1/114,0.1282652898280583,0.2074077027006901,0,0,7.6425548287803,15.695167750756225,CXCR4
KEGG_2021_Human,HIF-1 signaling pathway,1/109,0.122986604933458,0.2074077027006901,0,0,7.998389694041868,16.76206397444012,LDHB
KEGG_2021_Human,RNA degradation,1/79,0.0906653982949543,0.2074077027006901,0,0,11.091415830546266,26.62582536725388,BTG1
KEGG_2021_Human,Antigen processing and presentation,1/78,0.0895686050392431,0.2074077027006901,0,0,11.236024844720497,27.109723557490454,CD8A
KEGG_2021_Human,Leishmaniasis,1/77,0.08847054408079,0.2074077027006901,0,0,11.384439359267734,27.608240154776084,FOS
KEGG_2021_Human,Pertussis,1/76,0.0873712140350116,0.2074077027006901,0,0,11.5368115942029,28.122009760714384,FOS
KEGG_2021_Human,Prolactin signaling pathway,1/70,0.0807485039378433,0.2074077027006901,0,0,12.54379332073094,31.56540025786133,FOS
KEGG_2021_Human,Colorectal cancer,1/86,0.0983075728072943,0.2074077027006901,0,0,10.174424552429668,23.601146819428006,FOS
KEGG_2021_Human,B cell receptor signaling pathway,1/81,0.0928551872903362,0.2074077027006901,0,0,10.81304347826087,25.69951317247928,FOS
KEGG_2021_Human,ECM-receptor interaction,1/88,0.1004797214862166,0.2074077027006901,0,0,9.93953023488256,22.83904609412469,CD44
KEGG_2021_Human,Choline metabolism in cancer,1/98,0.1112654597409712,0.2074077027006901,0,0,8.910354101299866,19.565679904837808,FOS
KEGG_2021_Human,IL-17 signaling pathway,1/94,0.1069661212646203,0.2074077027006901,0,0,9.295465170640488,20.77762455454772,FOS
KEGG_2021_Human,Circadian entrainment,1/97,0.1101924885374388,0.2074077027006901,0,0,9.003623188405797,19.85772995832064,FOS
KEGG_2021_Human,Viral protein interaction with cytokine and cytokine receptor,1/100,0.113407683581024,0.2074077027006901,0,0,8.729468599033817,19.002011610155247,CXCR4
KEGG_2021_Human,Amphetamine addiction,1/69,0.0796402508235888,0.2074077027006901,0,0,12.728900255754477,32.20711721652364,FOS
KEGG_2021_Human,"Parathyroid hormone synthesis, secretion and action",1/106,0.1198047049497415,0.2074077027006901,0,0,8.228157349896481,17.45926389427172,FOS
KEGG_2021_Human,Glucagon signaling pathway,1/107,0.1208665655220423,0.2074077027006901,0,0,8.150123051681707,17.221765081771377,LDHB
KEGG_2021_Human,Toll-like receptor signaling pathway,1/104,0.1176772952617389,0.2074077027006901,0,0,8.388771633600676,17.95037060748583,FOS
KEGG_2021_Human,NF-kappa B signaling pathway,1/104,0.1176772952617389,0.2074077027006901,0,0,8.388771633600676,17.95037060748583,LTB
KEGG_2021_Human,Mitophagy,1/68,0.0785307173419281,0.2074077027006901,0,0,12.919532770927969,32.870720562250014,TOMM7
KEGG_2021_Human,Glycolysis / Gluconeogenesis,1/67,0.0774199020723618,0.2074077027006901,0,0,13.115942028985508,33.55728718613052,LDHB
KEGG_2021_Human,Central carbon metabolism in cancer,1/70,0.0807485039378433,0.2074077027006901,0,0,12.54379332073094,31.56540025786133,LDHB
Reactome_2022,Toll Like Receptor 7/8 (TLR7/8) Cascade R-HSA-168181,1/103,0.1166117434301559,0.2086736461381737,0,0,8.471440750213128,18.20432388113094,FOS
Reactome_2022,RAC3 GTPase Cycle R-HSA-9013423,1/93,0.1058881763859252,0.2086736461381737,0,0,9.396975425330814,21.099702511470603,IL32
Reactome_2022,Neutrophil Degranulation R-HSA-6798695,2/468,0.1076386544490807,0.2086736461381737,0,0,3.806086617245416,8.483673644399483,COTL1;CD44
Reactome_2022,MyD88 Cascade Initiated On Plasma Membrane R-HSA-975871,1/96,0.1091182759636125,0.2086736461381737,0,0,9.098855835240274,20.15690355426019,FOS
Reactome_2022,TNFR2 Non-Canonical NF-kB Pathway R-HSA-5668541,1/100,0.113407683581024,0.2086736461381737,0,0,8.729468599033817,19.002011610155247,LTB
Reactome_2022,TRAF6 Mediated Induction Of NFkB And MAP Kinases Upon TLR7/8 Or 9 Activation R-HSA-975138,1/101,0.1144769389479113,0.2086736461381737,0,0,8.641739130434782,18.72994882754533,FOS
Reactome_2022,MyD88 Dependent Cascade Initiated On Endosome R-HSA-975155,1/102,0.1155449584465577,0.2086736461381737,0,0,8.55574687903573,18.464119473101512,FOS
Reactome_2022,Toll Like Receptor 3 (TLR3) Cascade R-HSA-168164,1/103,0.1166117434301559,0.2086736461381737,0,0,8.471440750213128,18.20432388113094,FOS
Reactome_2022,Post-translational Modification: Synthesis Of GPI-anchored Proteins R-HSA-163125,1/92,0.1048089846474298,0.2086736461381737,0,0,9.500716674629718,21.42996644691597,CD52
Reactome_2022,Oxidative Stress Induced Senescence R-HSA-2559580,1/93,0.1058881763859252,0.2086736461381737,0,0,9.396975425330814,21.099702511470603,FOS
Reactome_2022,Interferon Gamma Signaling R-HSA-877300,1/89,0.1015639144603895,0.2086736461381737,0,0,9.826086956521738,22.47291901655056,CD44
Reactome_2022,Innate Immune System R-HSA-168249,3/1035,0.1250224397952962,0.2101696315254932,0,0,2.622369878183832,5.452594141049584,COTL1;FOS;CD44
Reactome_2022,Toll Like Receptor 9 (TLR9) Cascade R-HSA-168138,1/106,0.1198047049497415,0.2101696315254932,0,0,8.228157349896481,17.45926389427172,FOS
Reactome_2022,Degradation Of Extracellular Matrix R-HSA-1474228,1/109,0.122986604933458,0.2101696315254932,0,0,7.998389694041868,16.76206397444012,CD44
Reactome_2022,MyD88-independent TLR4 Cascade R-HSA-166166,1/107,0.1208665655220423,0.2101696315254932,0,0,8.150123051681707,17.221765081771377,FOS
Reactome_2022,Macroautophagy R-HSA-1632852,1/114,0.1282652898280583,0.2101696315254932,0,0,7.6425548287803,15.695167750756225,TOMM7
Reactome_2022,MyD88:MAL(TIRAP) Cascade Initiated On Plasma Membrane R-HSA-166058,1/112,0.1261574800052537,0.2101696315254932,0,0,7.781041911476694,16.108502130987272,FOS
Reactome_2022,Signaling By NTRK1 (TRKA) R-HSA-187037,1/114,0.1282652898280583,0.2101696315254932,0,0,7.6425548287803,15.695167750756225,FOS
Reactome_2022,Glycosaminoglycan Metabolism R-HSA-1630316,1/120,0.1345595249551979,0.2127918069058944,0,0,7.2550237486298865,14.551753821970427,CD44
Reactome_2022,Chromosome Maintenance R-HSA-73886,1/118,0.1324663015463994,0.2127918069058944,0,0,7.379784466740989,14.917695529897635,NPM1
Reactome_2022,Estrogen-dependent Gene Expression R-HSA-9018519,1/119,0.133513518994454,0.2127918069058944,0,0,7.316875460574797,14.732913171378236,FOS
GO_Biological_Process_2023,Brain Development (GO:0007420),1/169,0.184357293017808,0.2145248500570857,0,0,5.126293995859213,8.667945912337231,CXCR4
GO_Biological_Process_2023,Positive Regulation Of I-kappaB kinase/NF-kappaB Signaling (GO:0043123),1/175,0.1902628104857039,0.2205945628819756,0,0,4.948025987006496,8.210501723622944,LTB
Reactome_2022,Fc Epsilon Receptor (FCERI) Signaling R-HSA-2454202,1/130,0.1449532460203582,0.2215015894243676,0,0,6.689248399056286,12.919239959338638,FOS
Reactome_2022,Autophagy R-HSA-9612973,1/128,0.142884119029497,0.2215015894243676,0,0,6.7952755905511815,13.221712684740355,TOMM7
Reactome_2022,Host Interactions Of HIV Factors R-HSA-162909,1/130,0.1449532460203582,0.2215015894243676,0,0,6.689248399056286,12.919239959338638,NPM1
Reactome_2022,Signaling By NTRKs R-HSA-166520,1/132,0.1470175856871279,0.2221599072605488,0,0,6.586458679057418,12.627578792236436,FOS
KEGG_2021_Human,Dopaminergic synapse,1/132,0.1470175856871279,0.2234667302444344,0,0,6.586458679057418,12.627578792236436,FOS
KEGG_2021_Human,FoxO signaling pathway,1/131,0.1459860136050108,0.2234667302444344,0,0,6.637458193979933,12.77209215219812,IL7R
KEGG_2021_Human,Relaxin signaling pathway,1/129,0.1439192816023307,0.2234667302444344,0,0,6.741847826086956,13.069090085751164,FOS
GO_Biological_Process_2023,Positive Regulation Of ERK1 And ERK2 Cascade (GO:0070374),1/179,0.1941770338525692,0.2243200391076612,0,0,4.835857352222765,7.925897616026212,CD44
KEGG_2021_Human,Estrogen signaling pathway,1/137,0.1521575597172713,0.2253768702257296,0,0,6.342710997442455,11.942301842584484,FOS
KEGG_2021_Human,Fluid shear stress and atherosclerosis,1/139,0.1542052269965518,0.2253768702257296,0,0,6.250157529930687,11.684487753337775,FOS
KEGG_2021_Human,Apoptosis,1/142,0.1572678439946919,0.2255161536527657,0,0,6.116250385445575,11.31387002140436,FOS
Reactome_2022,Hemostasis R-HSA-109582,2/576,0.151070878249476,0.2257762576036124,0,0,3.0728539752929995,5.807712941828346,CD2;CD44
KEGG_2021_Human,Breast cancer,1/147,0.1623486025896336,0.2284906258668918,0,0,5.905300774270399,10.735892245784257,FOS
KEGG_2021_Human,JAK-STAT signaling pathway,1/162,0.1774153519780358,0.2285350296666224,0,0,5.351066702673508,9.253394564376691,IL7R
KEGG_2021_Human,Non-alcoholic fatty liver disease,1/155,0.1704168099322024,0.2285350296666224,0,0,5.596273291925466,9.902650470022865,FOS
KEGG_2021_Human,Oxytocin signaling pathway,1/154,0.1694123720327549,0.2285350296666224,0,0,5.633134413185564,10.001176486126608,FOS
KEGG_2021_Human,Hepatitis B,1/162,0.1774153519780358,0.2285350296666224,0,0,5.351066702673508,9.253394564376691,FOS
KEGG_2021_Human,Cellular senescence,1/156,0.1714200837128663,0.2285350296666224,0,0,5.559887798036466,9.805629981042626,ZFP36L2
Reactome_2022,Toll Like Receptor 4 (TLR4) Cascade R-HSA-166016,1/140,0.1552272825349906,0.229466417660421,0,0,6.204879574601189,11.558852350583765,FOS
GO_Biological_Process_2023,Negative Regulation Of Macromolecule Metabolic Process (GO:0010605),1/186,0.2009833323554452,0.2313477206969153,0,0,4.651233842538191,7.463059576979635,CD3E
Reactome_2022,Membrane Trafficking R-HSA-199991,2/599,0.1607521216435152,0.2350783714356782,0,0,2.9509669559920817,5.394048057612977,IL7R;CD3D
Reactome_2022,HIV Life Cycle R-HSA-162587,1/149,0.1643726754156526,0.2378157857077528,0,0,5.824911868390129,10.51757164836888,CXCR4
GO_Biological_Process_2023,Regulation Of Signal Transduction (GO:0009966),1/193,0.2077345181464676,0.2382618129278481,0,0,4.480072463768116,7.04040865212542,CD3E
GO_Biological_Process_2023,Regulation Of Programmed Cell Death (GO:0043067),1/195,0.2096533654566449,0.2396038462361656,0,0,4.43343792021515,6.926358966609525,CD3E
Reactome_2022,Generic Transcription Pathway R-HSA-212436,3/1190,0.1687570393332334,0.2415890247296816,0,0,2.2612829462029125,4.023489972369096,NPM1;BTG1;FOS
Reactome_2022,Cellular Senescence R-HSA-2559583,1/165,0.1803973746800748,0.2429113164008929,0,0,5.252386002120891,8.995200678276463,FOS
Reactome_2022,Vesicle-mediated Transport R-HSA-5653656,2/637,0.1770044351821158,0.2429113164008929,0,0,2.7689334287759486,4.79463110115147,IL7R;CD3D
Reactome_2022,Toll-like Receptor Cascades R-HSA-168898,1/162,0.1774153519780358,0.2429113164008929,0,0,5.351066702673508,9.253394564376691,FOS
Reactome_2022,Protein Localization R-HSA-9609507,1/164,0.1794045201076321,0.2429113164008929,0,0,5.284875966924513,9.080009525352985,TOMM7
Reactome_2022,Citric Acid (TCA) Cycle And Respiratory Electron Transport R-HSA-1428517,1/163,0.1784105129450705,0.2429113164008929,0,0,5.317767042404723,9.166065581777534,LDHB
Reactome_2022,Signaling By Rho GTPases R-HSA-194315,2/644,0.1800294694361734,0.2429113164008929,0,0,2.7377513452279807,4.694243517832273,IL32;VIM
GO_Biological_Process_2023,DNA-templated Transcription (GO:0006351),1/199,0.213477707360935,0.2431062859626306,0,0,4.342995169082125,6.706552451090786,ZFP36L2
Reactome_2022,SUMO E3 Ligases SUMOylate Target Proteins R-HSA-3108232,1/168,0.1833690358937122,0.244492047858283,0,0,5.1572507159593854,8.748010080857481,NPM1
Reactome_2022,"Signaling By Rho GTPases, Miro GTPases And RHOBTB3 R-HSA-9716542",2/660,0.1869764773073421,0.2468815622698886,0,0,2.6689693285437968,4.475254266260057,IL32;VIM
Reactome_2022,SUMOylation R-HSA-2990846,1/174,0.1892814114021319,0.2475218456797109,0,0,4.976878612716763,8.284116089133288,NPM1
GO_Biological_Process_2023,Regulation Of Angiogenesis (GO:0045765),1/205,0.2191809863943818,0.248716012929795,0,0,4.213981244671782,6.396222904647518,BTG1
GO_Biological_Process_2023,Negative Regulation Of Cell Differentiation (GO:0045596),1/207,0.2210732564206216,0.2495182565602098,0,0,4.172646686365555,6.297613558833096,ZFP36L2
GO_Biological_Process_2023,Regulation Of Transcription By RNA Polymerase II (GO:0006357),4/2028,0.2214474526971862,0.2495182565602098,0,0,1.7739130434782608,2.6742980009467536,NPM1;FOS;LYAR;JUNB
KEGG_2021_Human,Axon guidance,1/182,0.1971007949269227,0.2496610069074355,0,0,4.754984386259909,7.7222849934745135,CXCR4
Reactome_2022,Apoptosis R-HSA-109581,1/178,0.1932001814397508,0.2502402350076772,0,0,4.863424220093343,7.995607626987774,VIM
KEGG_2021_Human,Chemokine signaling pathway,1/192,0.2067734210628336,0.2546423125666377,0,0,4.503755975415434,7.09851242432297,CXCR4
KEGG_2021_Human,Kaposi sarcoma-associated herpesvirus infection,1/193,0.2077345181464676,0.2546423125666377,0,0,4.480072463768116,7.04040865212542,FOS
KEGG_2021_Human,Pathogenic Escherichia coli infection,1/197,0.2115677585664908,0.2552245976357666,0,0,4.387755102040816,6.8151049279830325,FOS
KEGG_2021_Human,Proteoglycans in cancer,1/205,0.2191809863943818,0.2602774213433284,0,0,4.213981244671782,6.396222904647518,CD44
Reactome_2022,ESR-mediated Signaling R-HSA-8939211,1/188,0.2029178475987033,0.2603474271077702,0,0,4.601023017902813,7.338420404589049,FOS
Reactome_2022,RNA Polymerase II Transcription R-HSA-73857,3/1312,0.2060750435179446,0.2619271581162661,0,0,2.037214885954382,3.2178112416207525,NPM1;BTG1;FOS
KEGG_2021_Human,Lipid and atherosclerosis,1/215,0.2285984821914599,0.2624863486578014,0,0,4.015034538805364,5.92534046337219,FOS
KEGG_2021_Human,Regulation of actin cytoskeleton,1/218,0.2314024389483249,0.2624863486578014,0,0,3.9589260669204567,5.794272015120509,CXCR4
KEGG_2021_Human,cAMP signaling pathway,1/216,0.2295342218897084,0.2624863486578014,0,0,3.996157735085945,5.881157909080661,FOS
Reactome_2022,Muscle Contraction R-HSA-397014,1/196,0.2106111181711423,0.2627808446905996,0,0,4.410479375696767,6.870388468978681,VIM
Reactome_2022,Peptide Ligand-Binding Receptors R-HSA-375276,1/196,0.2106111181711423,0.2627808446905996,0,0,4.410479375696767,6.870388468978681,CXCR4
GO_Biological_Process_2023,Positive Regulation Of Cell Motility (GO:2000147),1/221,0.2341966268503609,0.262957616112686,0,0,3.9043478260869566,5.667528779312132,CXCR4
Reactome_2022,Interferon Signaling R-HSA-913531,1/200,0.2144310182188985,0.2651147134342745,0,0,4.320952589032117,6.653261007649563,CD44
KEGG_2021_Human,Human cytomegalovirus infection,1/225,0.2379070709540011,0.2658961381250601,0,0,3.833850931677018,5.504931242247853,CXCR4
GO_Biological_Process_2023,Cellular Response To Lipid (GO:0071396),1/228,0.2406785912268323,0.2674206569187026,0,0,3.782608695652174,5.387542640423176,VIM
GO_Biological_Process_2023,Regulation Of Cell Growth (GO:0001558),1/227,0.2397558261475298,0.2674206569187026,0,0,3.7995382839553673,5.426250812921727,BTG1
GO_Biological_Process_2023,Chromatin Remodeling (GO:0006338),1/228,0.2406785912268323,0.2674206569187026,0,0,3.782608695652174,5.387542640423176,NPM1
KEGG_2021_Human,Coronavirus disease,1/232,0.2443589293687948,0.2691489656815712,0,0,3.716356107660456,5.236780987740579,FOS
KEGG_2021_Human,Chemical carcinogenesis,1/239,0.25075842384664,0.2693915123087756,0,0,3.605772743880161,4.9877401652192,FOS
KEGG_2021_Human,Calcium signaling pathway,1/240,0.2516683864989877,0.2693915123087756,0,0,3.590503911224304,4.953613532492497,CXCR4
KEGG_2021_Human,Salmonella infection,1/249,0.2598105290757178,0.2696004071979074,0,0,3.458625525946704,4.661544642127012,FOS
KEGG_2021_Human,Endocytosis,1/252,0.2625056596400677,0.2696004071979074,0,0,3.416767711761649,4.569867487945139,CXCR4
KEGG_2021_Human,Shigellosis,1/246,0.2571059611071415,0.2696004071979074,0,0,3.50150842945874,4.755983276534011,CD44
GO_Biological_Process_2023,Regulation Of I-kappaB kinase/NF-kappaB Signaling (GO:0043122),1/232,0.2443589293687948,0.2705704408235791,0,0,3.716356107660456,5.236780987740579,LTB
Reactome_2022,Signaling By ROBO Receptors R-HSA-376176,1/209,0.2229611312169307,0.2707385164777016,0,0,4.132107023411371,6.201291937509133,CXCR4
Reactome_2022,Programmed Cell Death R-HSA-5357801,1/208,0.2220177426044606,0.2707385164777016,0,0,4.15227893299727,6.24917140100048,VIM
GO_Biological_Process_2023,Regulation Of ERK1 And ERK2 Cascade (GO:0070372),1/244,0.2552976572008228,0.2817077596698735,0,0,3.5306852746466277,4.820533336639566,CD44
GO_Biological_Process_2023,Positive Regulation Of DNA-binding Transcription Factor Activity (GO:0051091),1/246,0.2571059611071415,0.2827282046539014,0,0,3.50150842945874,4.755983276534011,NPM1
GO_Biological_Process_2023,Cytokine-Mediated Signaling Pathway (GO:0019221),1/257,0.2669766574650627,0.2925771588658221,0,0,3.349184782608696,4.422913495018292,IL7R
GO_Biological_Process_2023,Cellular Component Assembly (GO:0022607),1/260,0.2696467754317979,0.2944947718026461,0,0,3.3098875272788315,4.3380789841738245,CD3E
GO_Biological_Process_2023,Regulation Of Protein Phosphorylation (GO:0001932),1/265,0.274076271036322,0.2982606919336327,0,0,3.246376811594203,4.201944092373783,NPM1
GO_Biological_Process_2023,Positive Regulation Of Signal Transduction (GO:0009967),1/266,0.2749590753763177,0.2982606919336327,0,0,3.233962264150944,4.17547542976305,IL7R
GO_Biological_Process_2023,Chromatin Organization (GO:0006325),1/268,0.2767215984819567,0.2991584848453587,0,0,3.209412147858655,4.123270875337206,NPM1
GO_Biological_Process_2023,Positive Regulation Of Apoptotic Process (GO:0043065),1/270,0.2784800151212037,0.3000458075379973,0,0,3.185227089057701,4.072022917748842,BTG1
GO_Biological_Process_2023,Positive Regulation Of Cell Migration (GO:0030335),1/272,0.280234334435909,0.3009227752331909,0,0,3.1613990052944008,4.021707725488263,CXCR4
Reactome_2022,Gene Expression (Transcription) R-HSA-74160,3/1449,0.2501926096221661,0.301116769102784,0,0,1.8306658763090295,2.5364319090110903,NPM1;BTG1;FOS
KEGG_2021_Human,MAPK signaling pathway,1/294,0.2992640225853767,0.3032542095531818,0,0,2.920759756640451,3.5236894960074183,FOS
GO_Biological_Process_2023,Positive Regulation Of Cell Differentiation (GO:0045597),1/283,0.2898102584376698,0.3091309423335144,0,0,3.036386062288005,3.760651742091288,BTG1
GO_Biological_Process_2023,Central Nervous System Development (GO:0007417),1/283,0.2898102584376698,0.3091309423335144,0,0,3.036386062288005,3.760651742091288,CXCR4
GO_Biological_Process_2023,DNA Metabolic Process (GO:0006259),1/288,0.294122477683468,0.3126883483678065,0,0,2.9827298894106957,3.6501425695031138,NPM1
GO_Biological_Process_2023,DNA Repair (GO:0006281),1/291,0.2966977528184785,0.3143817248407719,0,0,2.951424287856072,3.5861024792197576,NPM1
GO_Biological_Process_2023,Regulation Of Cell Cycle (GO:0051726),1/298,0.3026717593102752,0.3196533431659672,0,0,2.8808373590982286,3.442907059420083,JUNB
Reactome_2022,Signaling By Nuclear Receptors R-HSA-9006931,1/260,0.2696467754317979,0.3216838724449518,0,0,3.3098875272788315,4.3380789841738245,FOS
GO_Biological_Process_2023,Positive Regulation Of MAPK Cascade (GO:0043410),1/310,0.3127999435192308,0.3292630984412956,0,0,2.767271703953848,3.216099516586545,CD44
GO_Biological_Process_2023,Protein Transport (GO:0015031),1/313,0.31530987495713,0.3308169179878085,0,0,2.740245261984392,3.162789419914564,NPM1
GO_Biological_Process_2023,Supramolecular Fiber Organization (GO:0097435),1/316,0.3178110197450178,0.3323513931974043,0,0,2.713733609385783,3.1107483598266024,VIM
GO_Biological_Process_2023,Intracellular Protein Transport (GO:0006886),1/325,0.3252620278540052,0.3390353384797449,0,0,2.63714439076758,2.96184063653358,NPM1
GO_Biological_Process_2023,Protein-Containing Complex Assembly (GO:0065003),1/328,0.3277283193155982,0.340496955133089,0,0,2.6125515224039355,2.9144849080637005,CD3E
GO_Biological_Process_2023,Proteolysis (GO:0006508),1/330,0.3293677115645372,0.341092775730265,0,0,2.5964054446940663,2.8835172258366426,CXCR4
Reactome_2022,Metabolism Of Carbohydrates R-HSA-71387,1/285,0.2915381669838309,0.3447755713895739,0,0,3.014696876913656,3.715868186598972,CD44
Reactome_2022,Extracellular Matrix Organization R-HSA-1474244,1/291,0.2966977528184785,0.3478525377871816,0,0,2.951424287856072,3.5861024792197576,CD44
KEGG_2021_Human,PI3K-Akt signaling pathway,1/354,0.3487439893496619,0.3487439893496619,0,0,2.41692326641212,2.5460284935978,IL7R
Reactome_2022,G Alpha (I) Signaling Events R-HSA-418594,1/312,0.3144742088889958,0.3655426701615678,0,0,2.7491961414790995,3.180416389208101,CXCR4
GO_Biological_Process_2023,Positive Regulation Of Macromolecule Metabolic Process (GO:0010604),1/364,0.3566580769856841,0.3681631762432868,0,0,2.3491436100131757,2.421914731700502,CD3E
Reactome_2022,Infectious Disease R-HSA-5663205,2/961,0.3217440956045176,0.3708237034085966,0,0,1.8027301165987295,2.0442937592987427,NPM1;CXCR4
Reactome_2022,Class A/1 (Rhodopsin-like Receptors) R-HSA-373076,1/327,0.3269071836790967,0.3736082099189677,0,0,2.620698853027474,2.9301483275665863,CXCR4
GO_Biological_Process_2023,Positive Regulation Of Protein Phosphorylation (GO:0001934),1/377,0.3668086879220586,0.3774237303378094,0,0,2.266419981498613,2.273026262944549,CD44
GO_Biological_Process_2023,DNA Damage Response (GO:0006974),1/384,0.3722106443667701,0.3817545070428411,0,0,2.2242025201498468,2.1981689784721854,NPM1
GO_Biological_Process_2023,Positive Regulation Of Multicellular Organismal Process (GO:0051240),1/387,0.3745122234351046,0.3828878961636852,0,0,2.2065780581211984,2.167148355594968,CXCR4
Reactome_2022,Signal Transduction R-HSA-162582,4/2465,0.3423671788210675,0.3880161359972098,0,0,1.4234051198699715,1.5257073746170025,IL32;CXCR4;FOS;VIM
GO_Biological_Process_2023,Regulation Of Gene Expression (GO:0010468),2/1127,0.3952338618575169,0.4027861012560682,0,0,1.5233131313131314,1.4140575092868264,BTG1;CD3E
GO_Biological_Process_2023,Regulation Of Cell Migration (GO:0030334),1/434,0.4095315739429174,0.4147155179168784,0,0,1.9623456170298224,1.7518669281685528,CXCR4
GO_Biological_Process_2023,Nervous System Development (GO:0007399),1/433,0.4088064439267046,0.4147155179168784,0,0,1.9669887278582927,1.7594979265437192,CXCR4
GO_Biological_Process_2023,Regulation Of Nucleic Acid-Templated Transcription (GO:1903506),1/452,0.4224390794026658,0.426436925579978,0,0,1.882290562036055,1.6219886629757825,BTG1
Reactome_2022,Diseases Of Signal Transduction By Growth Factor Receptors And Second Messengers R-HSA-5663202,1/424,0.402241757109426,0.452106437742826,0,0,2.0097646212354814,1.8302966305021924,NPM1
GO_Biological_Process_2023,Positive Regulation Of Intracellular Signal Transduction (GO:1902533),1/525,0.4720678155809356,0.4750367955531427,0,0,1.6140059741121806,1.2115255437586885,LTB
Reactome_2022,GPCR Ligand Binding R-HSA-500792,1/458,0.4266811670992728,0.4756445797172221,0,0,1.857006945105128,1.5816466608156283,CXCR4
Reactome_2022,Signaling By Receptor Tyrosine Kinases R-HSA-9006934,1/496,0.4528623613232532,0.5007258629265239,0,0,1.711111111111111,1.3554858202454392,FOS
Reactome_2022,Axon Guidance R-HSA-422475,1/519,0.4681480581417667,0.5134527089296796,0,0,1.6332046332046333,1.2395544139691177,CXCR4
Reactome_2022,Nervous System Development R-HSA-9675108,1/545,0.4849347140828424,0.5276089689221326,0,0,1.55306905370844,1.1240197612502474,CXCR4
Reactome_2022,Post-translational Protein Modification R-HSA-597592,2/1383,0.5016807864816029,0.5414967219166507,0,0,1.2240800473964848,0.844359699937976,CD52;NPM1
Reactome_2022,GPCR Downstream Signaling R-HSA-388396,1/619,0.5299786958341247,0.5675362412081966,0,0,1.3618967215421416,0.8646933824443742,CXCR4
Reactome_2022,Cell Cycle R-HSA-1640170,1/654,0.5499441222506297,0.584315629891294,0,0,1.286570344230641,0.7692900727784957,NPM1
Reactome_2022,Metabolism Of RNA R-HSA-8953854,1/666,0.5566003500200913,0.5868034697886235,0,0,1.2625694671461265,0.7397493001515706,CD44
Reactome_2022,Signaling By GPCR R-HSA-372790,1/689,0.5690953510070812,0.5953612902843312,0,0,1.218907987866532,0.6871073093758945,CXCR4
Reactome_2022,Cellular Responses To Stress R-HSA-2262752,1/722,0.5864350867064964,0.6088181052830801,0,0,1.1611288669118978,0.6196866921979938,FOS
GO_Biological_Process_2023,Negative Regulation Of Transcription By RNA Polymerase II (GO:0000122),1/763,0.6070481411158372,0.6089511133450404,0,0,1.096314047700559,0.5472220665722631,LYAR
Reactome_2022,Cellular Responses To Stimuli R-HSA-8953897,1/736,0.5935875219711051,0.6115750226368961,0,0,1.13818396923987,0.5936433051801742,FOS
Reactome_2022,Disease R-HSA-1643685,2/1736,0.6289544465082639,0.6431413889107059,0,0,0.956380413127818,0.4434701995379425,NPM1;CXCR4
Reactome_2022,Metabolism Of Proteins R-HSA-392499,2/1890,0.676597760313742,0.6866962343482754,0,0,0.8709553158705701,0.340263370789684,CD52;NPM1
GO_Biological_Process_2023,Negative Regulation Of DNA-templated Transcription (GO:0045892),1/1025,0.7173035549138566,0.7173035549138566,0,0,0.8046875,0.2673623786669588,LYAR
Reactome_2022,Metabolism R-HSA-1430728,2/2049,0.7207832715073746,0.7261224068518737,0,0,0.79624283874406,0.2607032673055252,LDHB;CD44
Reactome_2022,Developmental Biology R-HSA-1266738,1/1073,0.7339860656652941,0.7339860656652941,0,0,0.7667099286177806,0.237116725986335,CXCR4
